paper,title,datetime,writing,writer
뉴스1,"민주 ""증거도 없이 이재명 재소환 왜 했나…검찰 악랄한 탄압""",2023.09.13. 오전 10:33,"""범죄자 낙임찍기 반복해…검찰이 국기문란 진원지""정청래 ""이재명 중심으로 똘똘뭉쳐 이재명 지켜내자""    13일 오전 서울 여의도 국회에서 열린 더불어민주당 최고위원회의에서 이재명 대표 자리가 비어 있다. 이날 단식 14일차를 맞은 이 대표는 최고위에 불참했다. 2023.9.13/뉴스1 ⓒ News1 황기선 기자(서울=뉴스1) 전민 이서영 기자 = 더불어민주당은 13일 수원지검의 이재명 대표 전날(12일) 재소환에 대해 ""증거도 없이 왜 재소환을 했느냐""며 격된 반응을 나타냈다.박찬대 민주당 최고위원은 이날 오전 국회 본관에서 열린 최고위원회의에서 ""정적을 제거하기 위한 윤석열 검찰의 비열하고 악랄한 탄압이 계속되고 있다""고 비판했다.이 대표는 전날 쌍방울 그룹 대북송금 의혹과 관련해 두 번째로 검찰에 출석했다. 약 1시간50분간 진행된 조사 이후 이 대표는 ""오늘 왜 불렀는지 모르겠다. (검찰이) 역시 증거는 하나도 제시 못했다""며 ""형식적인 질문을 하기 위해 두 차례나 이렇게 소환해서 심문하는 게 도저히 납득이 되지 않는다. 사실이 아닌 증거라는 게 있을 수 없고 사실이 아니다""라고 검찰을 비판했다. 단식투쟁 14일째인 이날 이 대표는 건강악화로 최고위에 불참했다.박 최고위원은 ""(검찰이)물증없는 터무니없는 수사를 감추려 특정 언론에 공무상기밀누설까지 행하는 범죄자 낙인찍기를 반복하고 있다""며 ""검찰이 오히려 불법을 일삼고 있으니 검찰이야말로 국기문란의 진원지""라고 지적했다.정청래 최고위원은 고(故) 김대중 전 대통령의 내란음모사건과 노무현 전 대통령에 대한 탄핵 시도를 언급하며 ""김대중 죽이기와 노무현 죽이기에 맞서 싸웠듯이 이재명 죽이기에 대해 이재명을 중심으로 똘똘 뭉쳐 싸우는 게 급선무""라며 ""독재정권에 맞서 민주주의를 지켜내고 이재명을 지켜내자""고 말했다.서영교 최고위원은 ""수원지검과 윤석열 정권, 검찰총장, 법무부장관은 역사에 죄를 지었다. 증거 하나 없이 왜 부른 것이냐""며 ""국민 앞에 창피하지 않나. 체포영장을 발부하기 위한 알리바이인가""라고 반문했다.장경태 최고위원은 ""검찰은 자신이 있으면 재판에서 입증하라. 더 이상 망신주기와 모욕주기로 국민을 현혹할 수 없다""며 ""공작수사는 친일에 못지 않은 부역이자 청산대상""이라고 했다.","전민 기자 (min785@news1.kr),이서영 기자 (seol@news1.kr)"
KBS,"김정은, 어제 새벽 러시아 도착…“북러 관계 전략적 중요성 대한 뚜렷한 표현”",2023.09.13. 오전 7:17,"북한 매체도 김정은 북한 국무위원장이 어제(12일) 새벽 러시아 하산에 도착했다고 공식 발표했습니다.북한 관영매체 조선중앙통신은 오늘(13일) 김 위원장이 탄 전용열차가 어제(12일) 새벽 6시쯤 러시아의 국경도시 하산에 도착했다고 보도했습니다.  하산역에서 러시아 정부 관계자들을 만난 김 위원장은 ""2019년에 이어 4년 만에 또다시 로씨야(러시아)를 방문하게 된 것을 기쁘게 생각한다""며 ""세계적인 공공보건 사태 이후 첫 해외 방문으로 로씨야 연방에로의 길에 오른 것은 조로(북러) 관계의 전략적 중요성에 대한 우리 당과 정부의 중시 입장을 보여주는 뚜렷한 표현으로 된다""고 밝혔습니다. 그러면서 ""중앙과 지방의 지도간부들이 국경역에서부터 열정적이며 따뜻한 친선의 정을 안고 맞이해준데 대하여 깊은 사의""를 표하며 ""조선민주주의인민공화국(북한)을 대표하여 로씨야 연방 대통령과 정부 그리고 로씨야 군대와 인민에게 축원의 인사""를 보냈다고 통신은 전했습니다. 알렉산드르 코즐로프 러시아 천연자원부 장관과 올레그 코제먀코 연해주 주지사 등이 김 위원장을 맞았습니다.  이들은 ""김정은 동지를 영접하기 위하여 뿌찐(푸틴) 대통령이 자기들을 국경역에 직접 파견하였다""며 ""로씨야 정부와 인민이 김정은 동지의 이번 방문이 의의있게 진행되기를 바라며 최대의 성심을 다하고 있다""고 말했습니다.  통신은 또, ""영접 간부들은 로씨야를 또다시 방문하시는 경애하는 김정은 동지께 로씨야 연방 대통령 뿌찐 동지가 보내는 인사를 전하면서 김정은 동지를 로씨야 인민의 가장 친근한 벗으로 열렬히 환영하였다""고 전했습니다.  하산역에 도착한 김 위원장을 환영하는 행사도 열렸습니다. 러시아 육·해·공군 명예위병대장이 김 위원장에게 영접 보고를 한 뒤, 김 위원장은 위병대를 사열했습니다.  이후, ""경애하는 김정은 동지께서는 로씨야 간부들의 환송을 받으시며 방문지로 출발하시였다""며 김 위원장이 다음 목적지로 이동했다고 통신은 덧붙였습니다. 앞서 러시아 매체 RBK는 어제(12일) 김 위원장이 하산역에 도착해 알렉산드르 코즐로프 천연자원부 장관 등 러시아 관리들의 환영을 받는 영상을 처음 공개했습니다.[사진 출처 : 연합뉴스 / 평양 조선중앙통신]■ 제보하기▷ 전화 : 02-781-1234, 4444▷ 이메일 : kbs1234@kbs.co.kr▷ 카카오톡 : 'KBS제보' 검색, 채널 추가▷ 네이버, 유튜브에서 KBS뉴스를 구독해주세요!",이수민 (waterming@kbs.co.kr)
KBS,"권익위 “호화 논란 감사원장·대법원장 공관, 법령 위반 아냐”",2023.09.13. 오전 9:59,"'호화 논란'이 일었던 감사원장과 대법원장의 공관 수리와 관련해, 권익위가 법령 위반이 아니라고 판단했습니다. 국민권익위원회는 오늘(13일) 정부서울청사에서 브리핑을 통해 이 같이 밝혔습니다. 권익위는 먼저 최재해 감사원장이 사는 공관의 조명 교체와 화장실 보수 등은 시설이 낡아 수리한 것으로, 예산 낭비로 보기 어렵다고 판단했습니다. 또 감사원이 공관 개보수를 위해 구매할 물품을 자산취득비가 아닌 일반수용비로 구매했다는 의혹에 대해선 지난 4월 감사원이 자체 점검 뒤 관련 부서에 주의 조치를 했고, 구매 물품을 관리대장에 등재해 관리하고 있어 감사원에 재산상 손해를 입힌 게 아니라고 봤습니다. 권익위는 김명수 대법원장의 공관 의혹에 대한 조사 결과도 발표했습니다. 김 대법원장이 현직 판사인 아들 부부에게 공관을 무상 거주하게 하는 등 '사적 사용' 의혹이 있다는 신고에 대해선, 검찰이 수사 후 각하 처리했고 사회 통념상 결혼한 자녀의 가족과 함께 거주하는 형태를 이례적인 것으로 보기 어렵다고 밝혔습니다. 또 고액의 공관 리모델링을 지시해 예산을 부적정하게 전용하고 손자의 놀이터를 대법원 예산으로 설치했다는 의혹에 대해선 경찰 조사 결과 각하 처리됐고, 감사원이 감사 뒤 법원행정처장에게 주의 조치했다고 설명했습니다. 또 손자 놀이터는 김 대법원장이 본인 돈으로 설치한 게 확인됐다고 덧붙였습니다. 이와 함께 김 대법원장의 며느리가 소속 회사 법무팀 관계자들과 공관에서 만찬을 해 공물을 사적으로 사용하고 특혜를 제공했다는 의혹에 대해서는, 통상적인 공관의 사용이며 사회 상규에 따라 허용되는 행위로 보이고 특혜 제공의 동기가 없어 공무원 행동강령 위반으로 보기 어렵다고 판단했습니다. 정승윤 부위원장은 오늘 브리핑에서 ""이번 조사를 진행하면서 헌법기관장과 중앙행정기관장의 공관 운영에 관한 명확한 규정이 필요하다는 결론을 냈다""고 말했습니다. 이어 ""감사원장 공관 등은 건물 면적이 크고 요리사, 청소직원 등이 함께 거주하며 모두 정부 예산으로 운영된다""며 국민 눈높이에 맞는 규정이 필요하다고 강조했습니다. 더불어민주당은 지난 3월, 최재해 감사원장이 취임 이후 공관 개·보수에 예산을 과다 사용하고 쪼개기 계약을 하는 등 부패행위가 있었다며 권익위에 신고했습니다. 김 대법원장 관련 의혹도 지난 4월 신고가 접수돼 권익위가 조사를 진행해 왔습니다.김 대법원장 아들 부부는 2018년 1월부터 2019년 4월까지 대법원장 공관에 살았는데, 아들 부부가 2017년 9월 서울 신반포 아파트 청약에 당첨된 뒤 고가의 분양대금 마련을 위해 공관에 입주한 것 아니냐는 의혹이 제기됐고, 검찰 수사 결과 무혐의 처분됐습니다.■ 제보하기▷ 전화 : 02-781-1234, 4444▷ 이메일 : kbs1234@kbs.co.kr▷ 카카오톡 : 'KBS제보' 검색, 채널 추가▷ 네이버, 유튜브에서 KBS뉴스를 구독해주세요!",김영은 (paz@kbs.co.kr)
JTBC,중대범죄 피의자 머그샷 공개법 국회 법사위 소위 통과,2023.09.12. 오후 4:56,"중대범죄 피의자의 이른바 '머그샷(범인 식별용 얼굴 촬영사진)'을 공개하는 법안이 국회 법제사법위원회 소위원회를 통과한 것으로 확인됐습니다.   12일 국회에 따르면 여야는 특정강력범죄 처벌법 개정안을 발의했습니다. 이 개정안은 신상공개가 결정된 시점으로부터 30일 이내 피의자 모습을 공개하거나, 경찰이 수사과정에서 피의자의 사진이나 영상을 촬영해 활용할 수 있도록 했습니다.   이 개정안이 국회 법사위 소위를 통과하면서 앞으로 법사위 전체회의를 거쳐 본회의를 통과할지 관심을 끌고 있습니다.   이른바 머그샷 공개법이 논란이 된 것은 경기 성남시 분당구 서현역 흉기 난동사건이 계기가 됐습니다.    이 사건의 범인 최원종의 경우 당시 신상이 공개됐으나 운전면허증 사진과 검거당시 사진만 공개돼 '피의자 공개가 피의자에게 촬영 선택권을 주는 셈이 아니냐'는 지적이 있었습니다.         '분당 흉기난동 사건' 피의자 22세 최원종 〈사진=경찰 제공〉",백종훈 기자 (iam100@jtbc.co.kr)
아시아경제,"尹 ""초거대 AI 선도 위해 민·관 과감한 투자해야""…원팀 강조",2023.09.13. 오후 12:00,"비상경제민생회의, 초거대 AI 도약회의로 주재보편적 디지털 규범·질서 정립도 역설윤석열 대통령이 13일 챗GPT로 대표되는 학습 및 종합인지·판단·추론 능력을 탑재한 인공지능(AI) 산업과 관련해 ""국내 초거대 AI가 글로벌 무대로 뻗어나갈 수 있도록 과감한 투자를 지속해달라""고 주문했다. AI 규범 분야에서 한국이 주도적 역할을 하게 된 만큼 실질적인 산업 분야에서 세계 시장을 주도하기 위해 정부와 민간이 원팀으로 뛰어야 한다는 취지로 풀이된다.윤 대통령은 이날 오전 청와대 영빈관에서 '대한민국 초거대 AI 도약 회의(제20차 비상경제민생회의)'를 열고 초거대 AI 산업 육성방안을 논의한 자리에서 ""최근 우리 기업들 역시 독자적인 초거대 인공지능을 연이어 출시하고 있다""며 이같이 밝혔다. 정부는 지난 4월부터 AI 영재고 설립 추진, 첨단 AI 관련 반도체 산업 지원 등 미래전략산업으로 육성하기 위한 재정 3901억원을 투입하기로 한 상태다. AI 산업 자체가 승자독식 특성을 가지고 있어 국가 경제·안보와 직결된 과제지만, 국가의 지원뿐만 아니라 민간의 적극성도 중요하다는 게 윤 대통령의 생각이다. 윤 대통령은 ""정부의 지원은 기업의 과감한 투자와 도전에 마중물이 되는 것이다. 궁극적으로는 민간의 투자와 도전이 초거대 AI 경쟁을 좌우한다""고 당부했다.     [이미지출처=연합뉴스]윤 대통령은 AI 규범의 중요성도 강조했다. 윤 대통령은 ""디지털은 국경이 없고, 연결성과 즉시성을 갖고 있어 한 나라에만 적용되는 법제나 규제 가동을 통해 해결할 수 없다""며 ""그러기 위해 국제적으로 통용되는 보편적 디지털 규범과 질서를 정립하는 것이 필요하다""고 언급했다. 챗GPT 등장 이후 글로벌 빅테크는 초거대 AI 주도권을 확보하기 위해 막대한 자본을 투자하고 있지만, 초거대 AI 제품이 국제사회의 지지를 얻고 주도권을 확보하기 위해서는 관련 규범 마련에도 선도적인 역할을 해야 한다는 뜻으로 해석된다. 회의에 참석한 기업인들도 글로벌 동향과 정부의 디지털 선언에 발맞춰 디지털 대항해 시대의 '초거대 AI 출정'을 선언하며 공동연구 및 투자 협력 확대, 자발적인 AI 안전조치 마련, 국제 기준 준수 등 개방형 혁신을 통한 글로벌 진출을 다짐했다. 이어진 토론에서 AI 기업·연구자·학생 등은 우리나라 AI가 글로벌 시장에서 충분히 통할 수 있는 것에 공감하며, 국제 공동연구와 협력 네트워크 구축, AI 반도체 및 응용서비스 개발 지원, 도전적인 AI 연구·개발(R&D) 투자, AI 법체계 및 새로운 디지털 규범 마련 등을 정부에 요청했다. 앞서 윤 대통령은 회의에 앞서 별도로 설치된 부스를 방문해 ▲대규모 언어모델(LLM) 기반의 보고서 초안 작성 ▲장애인 대상 시각 보조 서비스 ▲화장품 패키징 디자인 창작 등 국내 기업이 개발한 초거대 AI 서비스를 직접 살펴보고, 기업 관계자와 개발자들을 격려했다.이날 회의에는 유영삼 SKT 대표, 배경훈 LG AI 연구원장, 하정우 네이버 클라우드 소장, 배숙민 KT AI 소장 등 AI 관련 업계 대표, 염재호 태재대 총장, 관련 전공 대학원생과 정보통신산업진흥원장 등 유관기관 관계자 70여명 참석했다. 이종호 과학기술정보통신부 장관, 박대출 국민의힘 정책위의장, 국민의힘 소속 장제원 국회 과학기술정보방송통신위원회 위원장, 박성중 국민의힘 과방위 간사, 최상목 대통령실 경제수석 등도 함께했다.     [이미지출처=연합뉴스]",이기민 기자 victor.lee@asiae.co.kr
뉴시스,"김기현, 오늘 대구 찾아 박근혜 전 대통령 예방",2023.09.13. 오전 10:02,박대출·구자근 동행…유영하 배석    [구미=뉴시스] 이무열 기자 = 박근혜 전 대통령이 15일 오전 경북 구미시 상모동 박정희 대통령 역사자료관을 찾아 시민들과 인사하고 있다. 2023.08.15. lmy@newsis.com[서울=뉴시스] 이지율 기자 = 김기현 국민의힘 대표가 13일 박근혜 전 대통령을 예방한다. 지난 3월 당 대표 취임 이후 처음이다. 김 대표는 이날 오후 4시30분 대구 달성군 박 전 대통령 사저를 찾아 박 전 대통령을 만난다. 당에선 박대출 정책위의장과 구자근 당대표 비서실장이 동행한다. 박 전 대통령 측근 유영하 변호사도 배석하는 것으로 전해졌다.사저 내에서 진행되는 면담은 비공개로 진행될 예정이다. 정치권에선 이날 예방을 보수 진영 통합 행보의 일환으로 보고 있다. 박 전 대통령이 2021년 특별사면으로 석방된 후 당 지도부와 만나는 건 이날이 처음이다.앞서 김 대표는 지난 4월19일 박 전 대통령 예방 일정을 잡았지만 순연한 바 있다．,이지율 기자(jool2@newsis.com)
매일경제,"박정훈 前 해병대 수사단장, 14일 공수처 출석…‘외압 의혹’ 본격 조사 들어간다",2023.09.12. 오후 3:34,"고발인 신분으로 공수처 출석해     채 모 상병 순직 사건을 수사하다 해임된 박정훈 전 해병대 수사단장이 지난 4일 오전 경기도 수원시 영통구 수원지방법원에서 열린 보직해임 집행정지 신청 첫 심문에 출석하며 전우들과 인사하고 있다. [출처=연합뉴스]‘수사 외압 의혹’을 폭로한 박정훈 전 해병대 수사단장(대령)이 오는 14일에 고발인 자격으로 고위공직자범죄수사처(공수처)에 다시 출석한다. 박 전 단장은 해병대 채 모 상병 순직 사건을 처리하는 과정에서 외압이 있었다며 지난달 국방부 검찰단장 등을 공수처에 고발한 바 있다.12일 법조계에 따르면 공수처 특별수사본부(부장검사 이대환)는 오는 14일 박 전 단장을 고발인 신분으로 불러 조사한다. 지난 8일 첫 출석 조사에서 고발 경위 등 개괄적인 내용을 파악한 공수처는 이번 조사에서 본격적인 ‘수사 외압 의혹’ 조사에 착수할 것으로 알려졌다.박 전 단장 측은 지난달 23일 국방부 김동혁 검찰단장과 유재은 법무관리관을 직권남용권리행사방해 혐의로 공수처에 고발했다. 채 상병 사건이 군사법원법상 군에서 수사할 수 없는 사건에 해당해 경찰에 적법하게 넘겼는데 국방부 검찰단이 영장 없이 자료를 회수해 직권을 남용했다는 게 박 전 단장 측의 주장이다.한편 12일 박 전 단장의 법률대리인 김정민 변호사는 이날 국방부 검찰단에 변호인 의견서를 제출했다. 김 변호사는 “최근 국회에서 국방부 차관, 법무관리관 등의 발언을 보니 이들이 군사법원법 개정안을 무시하겠다는 의사를 명확히 표시하고 있다”며 “단순한 법리 오해를 한 게 아니라 군사법원법 개정안을 무력화하는 방식을 강구한 것 같다는 의견을 제출했다”고 밝혔다.",김정석 기자(jsk@mk.co.kr)
중앙일보,"김정은 방러 직전, 푸틴은 ‘정제유 물량공세’…무기 거래 '미끼'로 사용했나",2023.09.13. 오후 1:00,"러시아가 지난 7월 핵·미사일 개발을 포함한 북한 산업의 '생명수'로 불리는 정제유 공급량을 전월 대비 5배 가량 대폭 늘린 것으로 나타났다.        유엔 안전보장이사회 대북제재위원회가 지난 11일(현지시간) 홈페이지에 게재한 보고서에 따르면 러시아는 지난 7월 총 1만933배럴(약 1360t)의 정제유를 북한에 수출했다. 지난 5월(2593배럴, 약 320t)·6월(2305배럴, 약 280t)만 해도 러시아의 대북 정제유 수출량은 3000배럴을 넘지 않았다.            세르게이 쇼이구 러시아 국방장관이 북한을 방문해 김정은을 만난 지난 7월 러시아의 대북 정제유 수출량은 전월 대비 5배 가까이 늘었다. 연합뉴스           수출량이 급증한 7월은 세르게이 쇼이구 러시아 국방장관이 방북해 김정은 북한 국무위원장과 무기 거래를 비롯한 구체적 군사 협력 방안을 논의한 시기다. 러시아가 포탄·탄약 등의 무기를 북한으로부터 수입하기 위해 정제유 공급량을 대폭 늘렸을 가능성이 제기되는 이유다.     실제 지난해 9월 게오르기 지노비예프 러시아 외무부 제1아주국장은 언론 인터뷰를 통해 “북한에 대한 원유·정제유 공급을 재개할 준비가 돼 있다”며 “북한 파트너들이 상품 거래를 재개할 준비가 되면 상응하는 양만큼의 원유와 석유제품 공급을 재개할 것”이라고 말했다.            전용열차를 타고 지난 12일 새벽 러시아 국경도시 하산에 도착한 김정은 북한 국무위원장. 연합뉴스           북한은 2017년 유엔 안전보장이사회 대북 제재 결의(2397호)에 따라 연간 정제유 수입 한도가 50만배럴(약 6만2500t)로 설정돼 있다. 당시 안보리 차원에서 상한선을 설정한 것은 중국의 반대 때문이었다. 정제유 수입 제재가 그만큼 북한 경제에 직결되는 치명타라는 뜻이기도 했다. 제대로 된 에너지 생산체계를 갖추지 못한 데다 대북 제재로 각종 에너지 자원 수입이 제한되는 북한 입장에서 정제유는 체제 유지를 위한 생명수로 불린다.        북한이 모라토리엄(핵실험 및 대륙간탄도미사일 시험 발사 유예)를 파기하고 탄도미사일 도발을 재개한 지난해 5월 미국이 추진한 추가 대북제재 결의 역시 핵심은 정제유 수입 한도 축소였다. 당시 결의엔 북한의 정제유 수입 한도를 기존 50만배럴에서 37만5000배럴(약 4만7000t)로 줄이는 내용이 담겼다. 러시아가 북·러 관계의 주요 계기마다 대북 정제유 수출량을 미끼로 활용하고 있다는 분석이 나오는 이유다.          러시아는 2019년 4월 김정은 북한 국무위원장과 블라디미르 푸틴 러시아 대통령의 첫 정상회담을 앞둔 시점에도 돌연 정제유 공급량을 대폭 늘렸다. 연합뉴스           러시아가 지난해 말 대북 정제유 수출을 재개한 것 역시 이를 북한과의 무기 거래를 활성화하기 위한 보조적 수단으로 염두에 뒀을 가능성이 있다. 러시아는 지난해 11월 기차를 북한으로 보내 컨테이너를 싣고 돌아오는 현장이 위성사진에 포착됐는데, 미국은 이를 북·러 무기 거래 정황으로 지목했다. 이후 지난해 12월 러시아는 코로나19의 여파로 중단됐던 대북 정제유 수출을 재개했고, 지난 1월엔 약 4만4655배럴(약 5600t)의 정제유를 북한에 공급했다.       2019년 4월 김정은과 블라디미르 푸틴 러시아 대통령의 첫 정상회담을 앞둔 시점에도 러시아는 대북 정제유 수출량을 대폭 늘렸다. 러시아는 2018년 월평균 1만2700배럴(약 1587t)의 정제유를 북한에 수출했는데, 2019년 1월(약 4만8000배럴, 5976t)과 2월(약 3만5000배럴, 4382t)엔 이례적으로 전년도 평균치의 3~4배에 달하는 양이 공급됐다. 이는 중국의 1~2월(약 9300배럴, 약 1170t)의 대북 정제유 공급량의 9배에 달하는 규모였다.",정진우 기자 dino87@joongang.co.kr
SBS,"윤 대통령, 오늘 2차 개각…국방 · 문체 · 여가장관 교체",2023.09.13. 오전 10:12,"윤석열 대통령이 오늘(13일) 국방부와 문화체육관광부, 여성가족부 장관을 교체하는 2차 개각을 단행할 것으로 알려졌습니다.대통령실 관계자는 오늘 오전 용산 대통령실에서 기자회견을 열고 이 같은 내용의 개각을 발표할 예정이라고 밝혔습니다.국방부 장관 후보자에는 신원식 국민의힘 의원, 문체부 장관 후보자에는 유인촌 대통령실 문화체육특보, 여가부 장관 후보자에는 김행 전 국민의힘 비상대책위원이 각각 유력한 것으로 전해졌습니다.",김기태 기자 KKT@sbs.co.kr
헤럴드경제,"與, 김어준-주진우-최경영 고발…“윤석열 명예 크게 훼손”",2023.09.13. 오전 11:14,"“허위 인터뷰를 사실인 것처럼 그대로 방송해 명예훼손”“김어준, ‘대장동 인식을 바꿀 수 있는 영상’이라 소개”“내부 고발 나온 시사 프로그램도 분석해 법적 조치”    국민의힘 윤두현 미디어정책조정특위 위원장과 김장겸 가짜뉴스·괴담방지특위 위원장 등이 7일 오전 서울 종로구 서울지방경찰청에 '대장동 허위 인터뷰 의혹'과 관련해 화천대유 대주주 김만배 씨와 신학림 전 언론노조 위원장, 해당 내용을 보도한 언론사 기자들을 고발하기에 앞서 고발 이유를 설명하고 있다. [연합][헤럴드경제=신현주 기자] 국민의힘 미디어정책조정특별위원회는 13일 방송인 김어준, 주진우 씨와 최경영 KBS기자를 고발하겠다고 밝혔다.위원장인 윤두현 의원은 이날 오전 국회에서 기자회견을 열고 “국민의힘은 라디오 시사 프로그램 진행자 TBS의 김어준 씨, KBS의 주진우 씨와 최경영 기자를 형법상 허위사실 적시에 의한 명예훼손과 정보통신망법 위반(명예훼손) 혐의로 내일 서울경찰청에 고발할 예정”이라고 했다.윤 의원은 “이들 세 사람은 공공재인 라디오 시사 프로그램을 진행하면서 김만배, 신학림 전 언론노조위원장의 허위 인터뷰 내용을 마치 사실인 것처럼 전제하고 허위 사실을 그대로 방송해 (윤석열) 당소속 대선후보의 명예를 크게 훼손했다”고 말했다.원영섭 국민의힘 미디어법률단장은 “김 씨는 지난해 3월 7일 (허위 인터뷰에 대해) ‘대장동에 대한 인식을 바꿀 수 있을 만한 영상’, ‘지금까지 언론들이 보도하던 대장동과 완전히 다른 이야기 아니냐’, ‘오늘 기준으로 가장 중요한 기사는 이것’이라고 발언했으며 3월 8일에는 ‘대선 이틀 전인데 이번 대선에서 크게 이슈가 된 사건의 당사자가 그간 해명한 내용과 다른 것이 나왔지 않냐’, ‘지금 나와야 할 기사의 주인공은 윤석열 당시 대선 후보여야 한다’며 대장동의 몸통이 윤 후보라는 이재명 당시 대선 후보 측의 주장과 똑 같은 허위 사실을 유포했다”고 전했다.국민의힘에 따르면 주 씨는 지난해 3월 7일 KBS라디오에서 “대장동 관련된 김만배 씨의 녹취록이 나왔는데 대선의 변수로 떠올랐다”고 발언했다. 최 기자 역시 이날 방송에서 “주임 검사가 커피를 타 줬고 첫 조사와 달리 되게 잘해줬다고 말했는데, 당시 윤석열 검사는 담당과장이었다. 어젯밤 뉴스타파에서 김만배가 자신의 지인인 신 전 언론노조위원장에게 말한 내용도 일치했다”고 말했다.원 단장은 “‘대선공작 게이트’ 관련 허위 날조 인터뷰에 기반한 보도와 시사 프로의 양이 워낙 많아 분석에 오랜 시간이 걸리고 있다”며 “이번에는 라디오 시사 프로그램을 중점적으로 모니터링 해 허위 날조 인터뷰를 사실인 것처럼 과도하게 표현하거나 인용한 여러 사례 중 심각성이 유독 심한 위 세 사람을 우선 고발하기로 했다”고 했다.그는 “이어 내부고발이 나온 시사 프로그램에 대해서도 철저히 분석해 법적 조치를 취할 계획”이라고 강조했다.",신현주 newkr@heraldcorp.com
한국경제,"""손주 학원비 그까이꺼""…'황혼 육아'에 지갑 여는 노인들 [조미현의 Fin코노미]",2023.09.13. 오전 11:19,"60대 이상 노인층의 육아 관련 소비가 크게 늘어난 것으로 나타났습니다. 직장을 다니는 자녀를 대신해 조부모가 손주 양육을 도맡는 경우가 많아진 데 따른 것으로 분석됩니다.13일 비씨카드 데이터사업본부가 코로나19 팬데믹 전후 최근 5년간 60대 이상 시니어 고객 소비 트렌드를 분석한 결과 '황혼 육아' 관련 소비가 큰 폭으로 증가했습니다. 1인당 키즈카페 평균 결제액(올해 1~8월 기준)은 지난해 같은 기간 대비 54.7% 증가한 2만8000원, 병원비(소아청소년과)는 60.6% 늘어난 1만5000원으로 각각 집계됐습니다.학원비 결제도 크게 늘었는데요. 60대 이상 고객이 학원비에 지출한 평균 결제액은 37만2000원으로 전년 동기 대비 27.3% 증가했습니다. 이는 전체 학원비 평균 결제액(36만7000원)보다도 1.4%(5000원)가량 높은 수치입니다. 학원비는 보습학원뿐 아니라 학습지 교육비 등도 포함됩니다. 비씨카드 관계자는 ""학원비의 경우 60대 이상 평균 결제액이 전체 연령 평균 결제액보다 높아 손주를 향한 '학조부모(학부모+조부모)'의 씀씀이가 큰 것으로 나타났다""고 분석했습니다.이 밖에 아이스크림을 주로 파는 무인가게에서 60대 이상 고객이 쓴 평균 결제액은 전년 같은 기간 대비 14.7% 늘어난 8000원, 아동복은 7.3% 늘어난 7만8000원이었습니다.한국이 2025년 초고령사회로 진입할 것이란 전망이 나오는 가운데 60대 이상 시니어 고객 수와 결제액 비중은 빠르게 증가하고 있습니다. 비씨카드의 60대 이상 고객 비중은 지난해 8월 25.8%였는데, 지난달에는 27.5%로 1.7%포인트 확대됐습니다. 이는 5년 전인 2018년 8월(20.2%)과 비교하면 크게 늘어난 것입니다. 결제액 기준으로도 60대 이상이 차지하는 비중은 2018년 8월 14.4%에서 지난달 22.9%로, 8.5%포인트 늘었습니다. 경제력을 기반으로 활발한 사회활동을 하는 '액티브 시니어'가 새로운 소비층으로 떠오르고 있는 모습입니다.시니어 고객층은 올해 들어 여행 관련 소비를 많이 한 것으로 조사됐습니다. 여행 부문에서 1인당 평균 결제액은 전년 1~8월 대비 94.6% 급증한 40만4000원을 기록했습니다. 이는 전체 평균(32만6000원)보다도 7만8000원 많은 금액입니다. 면세점에서는 전년 동기 대비 83.5% 증가한 15만1000원을 썼습니다. 건강식품(50.5%), 홈쇼핑(30.4%), 백화점(23.3%)에서도 소비가 크게 늘었습니다.한국보건산업진흥원에 따르면 국내 고령 친화 산업 시장은 2020년 72조원에서 2030년 168조원 규모로 성장할 것으로 예상됩니다. 오성수 비씨카드 상무는 ""우리 사회가 초고령화 시대에 진입하면서 경제적, 교육적으로 조부모의 영향력이 증가하고 있음을 확인했다""며 ""앞으로도 비씨카드는 데이터 기반으로 사회적 변화에 따른 효과적인 정책 수립에 도움이 될 수 있도록 노력하겠다""고 말했습니다.",조미현 기자 mwise@hankyung.com
전자신문,방문규 후보자 “첨단산업 초격차…원전 생태계 복원 조기 완성”,2023.09.13. 오전 10:09,"방문규 산업통상자원부 장관 내정자 〈자료 산업부〉방문규 산업통상자원부 장관 후보자가 반도체 등 우리 첨단산업의 초격차를 이끌겠다고 강조했다. 우리나라가 첨단 기술·제품의 아시아 전진기지로 자리매김 하도록 '킬러규제'도 없앤다. 탄소중립·안보 강화를 위해 원전을 중심 에너지원으로 육성할 뜻도 분명히 했다.방 후보자는 13일 서울 영등포구 국회의사당에서 열린 인사청문회에서 대내외 경제환경 불확실성에 대응해 전략적인 산업·통상·에너지 정책을 추진하겠다고 밝혔다. 이를 위해 △불확실한 수출·투자 여건 개선 매진 △민간 자율성·글로벌 협력을 토대로 한 첨단산업 초격차△기후변화 대응·에너지 안보 강화를 선도할 튼튼한 에너지 시스템 구축을 주요 전략으로 제시했다.방 후보자는 우선 실물경제를 빠르게 회복하기 위해 '불확실한 수출·투자 여건'을 개선한다. 업부 소관 기관 뿐만 아니라 수출 유관 부처와 관련 지원기관의 모든 자원·역량을 동원해 '수출 원팀코리아'를 구성한다. 중동·아세안·동유럽 등 신시장을 개척한다. 우리나라가 첨단 기술과 제품의 아시아 전진기지로 자리매김하도록 입지·환경·노동 등 킬러규제를 없앤다.민간 자율성·글로벌 협력을 토대로 '첨단산업의 초격차'도 실현한다. 압도적 제조역량 확보를 위해 초격차 기술개발, 국내외 우수인력 확보, 전력·용수 등 기반시설 공급과 세제·금융 등 필요한 지원을 아끼지 않겠다고 강조했다. '국가첨단전략산업 특화단지'와 '소부장 특화단지'도 조성한다. 한·미·일 3국 간 연대를 주축으로 주요국과 산업·통상 협력을 강화한다.기후변화 대응·에너지 안보 강화 등 글로벌 에너지 트렌드를 선도할 '튼튼한 에너지 시스템'도 구축한다. 에너지 안보 위기에 대응해 석유·가스·핵심 광물 등 주요 자원을 안정적으로 확보한다. 원전은 생태계 복원을 조기에 완성하고 에너지 신산업으로 육성한다. 재생에너지 등 간헐적인 발전원을 감안한 전력계통 보강, 시장경제에 부합하는 전력시장 운영 등 에너지 인프라·제도도 보강한다.방 후보자는 “글로벌 인플레이션, 선진국의 경기 둔화, 중국발 부동산 침체 등으로 수출 여건은 여전히 어렵다”면서 “인공지능(AI)·데이터 등 디지털 기술이 확산되고, 기후변화 대응, 탄소중립 달성 등 우리 산업의 구조적인 변화도 요구되고 있다”고 말했다.방 후보자는 이어 “이러한 대내외 경제환경의 불확실성에 대응하면서 보다 전략적인 산업·통상·에너지 정책을 추진하겠다”고 강조했다.",변상근 sgbyun@etnews.com
연합뉴스,"추경호 ""한국 첨단산업·아프리카 잠재력 결합하면 강력한 연대""",2023.09.13. 오전 9:49,"KOAFEC 장관회의 개회사…협력 강화 위한 'ABC 원칙' 제안    축사하는 추경호 경제부총리(부산=연합뉴스) 손형주 기자 = 추경호 경제부총리 겸 기획재정부 장관이 13일 오전 부산 기장군 아난티힐튼부산에서 열린 한-아프리카 경제협력 장관 회의에서 축사하고 있다. 2023.9.13 handbrother@yna.co.kr    (부산=연합뉴스) 박재현 기자 = 추경호 부총리 겸 기획재정부 장관은 13일 아프리카 경제 수장들을 만나 호혜적인 연대·협력 강화를 제안했다.    추 부총리는 이날 아프리카 개발은행(AfDB), 한국수출입은행과 공동으로 개최한 제7차 한-아프리카 경제협력(KOAFEC) 장관회의 개회사에서 ""한국의 발전된 첨단 산업과 아프리카의 성장 잠재력이 결합한다면 국제 사회의 회복을 이끄는 강력한 연대가 될 것""이라며 이같이 말했다.    추 부총리는 코로나19 팬데믹으로 인한 세계 경제의 불확실성 증가와 글로벌 저성장 기조, 보호무역주의 확대 등이 한국과 아프리카의 성장세를 위축시키고 있다고 지적했다.    이어 이러한 잠재적 리스크를 극복하고, 한국과 아프리카의 협력을 강화하기 위한 'ABC 원칙'을 제안했다.     농업혁신(Agricultural Transformation)과, 바이오헬스(Bio Health). 기후변화와 에너지 전환(Climate Change & Energy Transition) 분야에서 한-아프리카의 연대를 공고히 하고, 상호 지원·협력하자는 취지다.    추 부총리는 ""'K-라이스벨트' 사업의 추진을 통해 다수확 벼 품종의 생산 기반을 구축하고, 아프리카 국가들의 쌀의 자급을 실현할 수 있도록 수요 맞춤형 지원을 강화하겠다""고 밝혔다.    이어 ""대외경제협력기금(EDCF)을 통해 아프리카 국가들의 지역병원 건립과 의료 기자재 공급사업을 추진하는 등 의료 기반 구축을 지원할 것""이라며 ""태양광 발전 등 신재생 에너지와 국가 전력망 확충 등 프로젝트도 적극 발굴해 지원하겠다""고 덧붙였다.    아프리카 개발은행 총재와 악수하는 추경호(부산=연합뉴스) 손형주 기자 = 추경호 경제부총리 겸 기획재정부 장관이 13일 오전 부산 기장군 아난티힐튼부산에서 열린 한-아프리카 경제협력 장관 회의에서 아킨우미 아데시나 아프리카 개발은행 총재와 악수하고 있다. 2023.9.13 handbrother@yna.co.kr    KOAFEC 장관회의는 한국의 경제개발 경험 전수와 자원 개발 협력, 국내 기업의 아프리카 시장 진출 지원 등을 논의하는 자리로, 2006년부터 격년으로 개최돼왔다.    2018년 제6차 회의 이후 코로나19로 인해 중단됐으나 한국의 AfDB 가입 40주년을 맞아 올해 5년 만에 다시 열렸다. 이번 회의에는 아프리카 54개국 중 38개국 대표단(장관급 18명·차관 등 20명)이 참석했다.     추 부총리는 아울러 회의가 열리는 부산의 2030 세계박람회(엑스포) 유치 도전 상황을 알리며 ""한국과 아프리카의 협력이 한단계 도약할 수 있도록 부산 엑스포 지지를 간곡히 당부한다""고 덧붙였다.    trauma@yna.co.kr",박재현(trauma@yna.co.kr)
SBS,8월 취업자 26만 8천 명 증가…제조업 8개월째 감소,2023.09.13. 오전 9:09,"취업자 수가 두 달 연속으로 20만 명대 늘었습니다.집중호우 영향으로 큰 폭 둔화했던 흐름에서는 벗어나 다소간 증가세로 회복했습니다.제조업 취업자는 8개월째 감소세를 이어갔습니다.통계청이 발표한 '8월 고용동향'에 따르면 지난달 취업자 수는 2천867만 8천 명으로 지난해 같은 달보다 26만 8천 명 늘었습니다.올해 들어 30만∼40만 명 안팎을 유지했던 증가 폭이 7월 들어 21만 1천 명으로 크게 좁혀졌다가, 8월에는 20만 명대 중반으로 늘어난 것입니다.통계청 서운주 사회통계국장은 ""돌봄 수요와 외부활동 증가에 따른 취업자 증가세가 지속됐다""며 ""지난 7월 집중호우로 둔화했던 취업자 증가폭이 8월에는 확대했다""고 말했습니다.제조업 취업자는 6만 9천 명 줄면서 8개월째 감소세를 이어갔고, 건설업 취업자도 9개월째 줄었지만 감소폭은 1천 명에 그쳤습니다.연령대별로 보면 60세 이상에서 30만 4천 명 늘었고, 60세 이상을 제외한 나머지 연령대에서는 취업자 수가 3만 6천 명 감소했습니다.실업자는 4만 1천 명 감소한 57만 3천 명으로, 역대 최소치를 기록했습니다.(사진=연합뉴스)",조을선 기자 sunshine5@sbs.co.kr
KBS,“원유 재고 감소 전망” 미 보고서에 유가 급등…브렌트유 92달러,2023.09.13. 오전 6:44,"사우디아라비아와 러시아의 감산 연장 결정으로 글로벌 원유 재고가 감소할 것이란 미 당국 보고서가 나오면서 국제유가가 급등했습니다. 현지 시각 12일 런던 ICE선물거래소에서 11월 인도분 브렌트유 선물 종가는 배럴당 92.06달러로 전장 대비 1.42달러(1.6%) 상승하며 올해 최고치를 경신했습니다. 이는 지난해 11월 16일(92.86달러) 이후 10개월 만에 가장 높은 수준입니다. 또 뉴욕상업거래소의 10월 인도분 미 서부텍사스산원유(WTI) 선물 종가는 배럴당 88.84달러로 전날보다 1.55달러(1.8%) 상승했습니다. 이 역시 작년 11월 이후 가장 높은 수준입니다. 글로벌 원유 공급 둔화로 원유 재고 하락이 예상된다는 미 에너지정보청(EIA) 보고서가 나오면서 공급 차질 우려가 확산한 영향을 받았습니다. EIA는 이날 단기 전망 보고서에서 9월 5일 사우디아라비아의 감산 연장 발표를 반영해 글로벌 원유 재고 감소량이 올해 3분기 하루 60만 배럴, 4분기 하루 20만 배럴에 각각 이를 것으로 내다봤습니다. 석유수출국기구(OPEC)도 이날 낸 보고서에서 올해 글로벌 원유 수요 전망치를 종전대로 유지하면서 시장의 공급 부족 우려를 키웠습니다.[사진 출처 : AP=연합뉴스]■ 제보하기▷ 전화 : 02-781-1234, 4444▷ 이메일 : kbs1234@kbs.co.kr▷ 카카오톡 : 'KBS제보' 검색, 채널 추가▷ 네이버, 유튜브에서 KBS뉴스를 구독해주세요!",정지주 (jjcheong@kbs.co.kr)
조선비즈,"“보험 가입하면 현금 지급”…금감원, 불법 영업 보험설계사 대거 적발",2023.09.13. 오전 6:59,"4개 보험 대리점, 기관주의 또는 일부 업무정지    일러스트=이철원.        보험에 가입하면 현금을 주는 등의 불법 영업을 한 보험 설계사들이 금융감독원에 대거 적발됐다.13일 금감원에 따르면 감독 당국은 8개 보험대리점에 대한 검사에서 보험계약 체결 및 모집에 관한 금지행위 위반 등으로 4개 보험대리점(GA)에 기관주의나 일부 업무 정지를 내렸다. 부과된 과태료는 총 2억910만원이다.제재 대상에 오른 보험설계사는 22명이다. 이들은 일부 업무 정지와 과태료 등의 제재를 받았다.GA 소속 보험설계사는 정확한 확인 없이 고객을 보험에 가입시키거나 보험에 가입하면 상품이나 현금을 지급했다. 한국보험금융 보험대리점 소속인 보험설계사 10명은 2018년 1월부터 10월까지 실제 명의인이 아닌 사람의 치아보험 등 493건의 보험계약을 모집했다가 당국에 적발됐다.에즈금융서비스 보험대리점 소속인 보험설계사 1명은 종신보험 등 생명보험계약을 모집하면서 보험계약자와 피보험자로부터 자필서명을 받지 않고 대신 서명했다가 제재 대상에 포함됐다.봄금융서비스 보험대리점 소속인 보험설계사 1명은 보험계약자 3명에게 가습기, 젖병소독기를 가입 대가로 지급했다. 서울법인재무설계센터 보험대리점 소속인 보험설계사 1명은 청소기를 제공했다.메가 보험대리점 소속인 보험설계사 1명은 보험계약자 2명에게 현금과 어린이용 카시트 등을 주며 보험 가입을 유도했다.베라금융서비스 보험대리점 소속인 보험설계사 1명은 가입 대가로 보험계약자 336명에게 현금 총 9600만원을 지급했다. 이효숙 보험대리점은 보험계약자 110명에게 총 1180만원의 현금을 줬다가 감독 당국의 제재를 받았다.",김유진 기자 bridge@chosunbiz.com
머니투데이,"특례보금자리론, 27일부터 소득 1억·집값 6억 넘으면 이용 못한다",2023.09.13. 오후 12:00,"지난 8일 기준 특례보금자리론 유효신청금액/자료=금융위원회오는 27일부터 특례보금자리론 일반형(연 소득 1억원·집값 6억원 초과)의 판매가 중단된다. 특례보금자리론의 목표공급액이 대부분 소진된 가운데 가계대출 증가세는 낮추면서 저소득층에게 지원을 집중하겠다는 금융당국의 판단이다. 특례보금자리론이 그간 가계대출을 증가시키는 요인으로 지목된 것도 판매 중단 결정의 한 이유로 보인다. 금융위원회는 오는 27일부터 특례보금자리론 일반형의 판매를 중단한다고 13일 밝혔다. 기존 주택을 3년내 처분하는 조건으로 신규주택 구입자금을 대출받는 일시적 2주택자도 특례보금자리론 이용이 금지된다. 지난 8일 기준 특례보금자리론의 공급목표액 39조6000억원 가운데 95.1%(37조6482억원)가 소진된 만큼 저소득층이 주로 이용하는 우대형(연 소득 1억원·집값 6억원 미만) 공급에 집중하겠다는 계획이다. 또 주택저당증권(MBS)을 발행해 특례보금자리론의 재원을 마련하는 한국주택금융공사(이하 주금공)의 부담을 덜기 위한 목적도 있다. 이에 금융당국은 지난달 10일 가계부채 점검회의를 열고 특례보금자리론 공급의 속도를 조절하겠다고 밝혔다. 급격한 금리인상으로 줄어들던 가계부채는 지난 4월부터 증가세로 돌아섰는데, 그 배경에 특례보금자리론도 한몫했다는 지적에서다. 지난달 기준 특례보금자리론의 유효신청 금액이 35조4107억원으로 한 달 평균 5조원 가량 취급됐다. 특히 특례보금자리론이 주로 고소득층의 내집마련에 쓰였다는 비판도 거셌다. 국회 정무위원회 소속 이용우 더불어민주당 의원이 주금공으로부터 받은 자료에 따르면 지난 7월까지 들어온 특례보금자리론 유효신청액 가운데 92%(28조7967억원)가 신규주택 구입과 기존대출 상환에 쓰였다. 이중 연 소득 9000만원을 넘는 차주의 비중이 23.6%로 모든 소득 구간 가운데 가장 높았다.금융당국은 특례보금자리론 공급 속도를 늦추기 위해 지난달에 이어 이달에도 일반형과 금리인상을 했지만 현재 목표공급액의 소진 직전까지 다다랐다. 이에 따라 금융당국은 특례보금자리론 일반형의 공급을 중단하는 강수를 둔 것으로 풀이된다. 다만, 금융당국은 내년 1월까지 저소득층 대상으로는 특례보금자리론 공급을 이어나가겠다는 계획이다. 이달이나 다음달 중 목표공급액을 채우더라도 주금공의 MBS 추가 발행을 통해 재원을 확보하겠다는 방침이다. 특례보금자리론은 올해 서민의 내집마련을 돕기 위해 마련됐다. 과거 보금자리론, 적격대출, 안심전환대출을 통합한 상품이다. 현재 일반형은 연 4.65(10년)∼4.95%(50년), 우대형(주택가격 6억원·소득 1억원 이하)은 연 4.25(10년)∼4.55%(50년)의 기본금리가 적용된다. 저소득청년.신혼가구.사회적 배려층(장애인,한부모 가정 등) 등이 추가적인 우대금리(최대 0.8%p)를 적용받을 경우 최저 연 3.45(10년)∼3.75%(50년)의 금리로 이용할 수 있다. 전세사기 피해자의 경우 주거안정과 경제적 재기 지원을 위해 종전과 동일한 금리(3.65%~3.95%)를 적용한다.","이용안 기자 (king@mt.co.kr)
권화순 기자 (firesoon@mt.co.kr)"
파이낸셜뉴스,"파리바게뜨, 美서 흑자 달성..이달 중 북미 매장 150개로 확대",2023.09.13. 오전 10:09,"[파이낸셜뉴스]        파리바게뜨가 올 상반기 미국 시장에서 흑자 진출을 달성하고, 이달 중 북미 지역에 150개 매장을 설립 하는 K-베이커리 시장 확대에 박차를 가하고 있다.   SPC 베이커리 브랜드 파리바게뜨는 이달에 미국, 캐나다 등 북미 지역에 9개의 점포를 추가로 오픈해 150호점을 돌파할 예정이라고 13일 밝혔다.   먼저, 파리바게뜨는 지난 3월에 첫 진출한 캐나다에 2개 점포를 추가 출점한다. 14일 캐나다 앨버타주의 주도 에드먼턴시에 2번째 가맹점인 ‘사우스파크 온 휘테점’을 연다. 이어 오는 22일에는 캐나다 첫 번째 직영점인 ‘뉴마켓 이스트점’을 연다. 파리바게뜨는 캐나다에서도 프리미엄 베이커리 브랜드로 입지를 다져나간다는 계획이다.   미국에는 22일 노스캐롤라이나 지역에 첫 점포를 열며 20개 주에 진출할 예정이다. 또한, 이달 말까지 뉴욕, 캘리포니아, 뉴저지, 펜실베이니아, 매사추세츠 등 6개 지역에 7개 가맹점을 잇달아 열어 북미 150호점을 달성할 계획이다. 연말까지 워싱턴, 하와이, 테네시 등 7개 주에 추가 진출하는 등 올해 북미 지역에 총 60개 점을 오픈한다는 계획이다.   동시에 파리바게뜨는 올 상반기 미국 시장에서 흑자를 달성하며, 2030년까지 북미 지역에 1000 개의 매장을 열겠다는 비전을 선포했다. 특히, 이번 흑자 달성은 뉴욕 맨해튼, LA 다운타운 등 주류 핵심 상권에서 글로벌 브랜드들과 전면 승부를 통해 이뤄낸 성과라고 회사 측은 설명했다.   SPC 관계자는 “프랜차이즈 사업의 본고장이자 글로벌 브랜드들의 각축장인 미국 주류 시장에서 좋은 성과를 거두고 있다”며 “미국 내 가맹사업이 본 궤도에 오른 만큼 사업에 박차를 가해 북미 베이커리 시장을 선도하고, 미국의 성공 모델을 타 진출 국가에도 이식해 글로벌 사업에 박차를 가하겠다”고 말했다.",이환주 기자 (hwlee@fnnews.com)
서울신문,"이형식 경북도의원, 농지 취득 규제 완화 촉구",2023.09.12. 오후 6:14,"12일 제341회 경북도의회 임시회 5분 자유발언 통해    12일 열린 제341회 임시회 제2차 본회의 5분 자유발언을 하는 이형식 의원경북도의회 이형식 의원(국민의힘·예천)은 12일 열린 제341회 임시회 제2차 본회의 5분 자유발언을 통해, 지역 농민들의 안정적인 자산 가치 형성과 농촌지역의 활력 모색을 위해 정부와 국회가 농지 취득 규제를 완화하는 입법과 정책 마련에 적극 나설 것을 촉구했다.이 의원에 따르면, 지난 2021년 한국토지주택공사 일부 직원들의 내부정보를 이용한 땅 투기로 촉발된 ‘LH사태’는 전 국민의 공분을 불러왔으며, 농식품부는 부동산 투기 근절을 위해 2021년 농지법을 개정했고, 주요내용은 농업진흥지역 내 농지의 주말·체험영농목적 취득을 제한하고 농지 소유권 이전에 필요한 농지취득자격 심사와 사후관리 및 과태료 규정을 강화했으며 2009년 폐지됐던 농지관리위원회 제도를 10여년 만에 부활시킨 것이다.이 의원은 농지법은 예외조항을 통해 비농업인 농지 보유를 인정하고 있었음에도 개정 농지법은 경자유전, 투기 우려라는 프레임에만 매몰되 이중삼중으로 농지 취득 및 소유 규정을 강화해 귀농·귀촌, 주말․체험영농 수요를 감소시키고 농지거래를 위축시키는 등 오히려 농촌으로의 인구 유입을 막아 농촌을 피폐하게 하고 경쟁력을 약화하는 부작용을 양산하고 있어 개선책 마련이 절실한 상황이라고 밝혔다.특히, 농지 거래량은 농업 경쟁력을 가늠하는 중요한 잣대인데, 경북은 2021년 7만 5000여필지에서 농지법이 시행된 2022년에는 6만 3000여필지로 16% 감소했으며(한국부동산원, 전·답), 농지 취득을 위한 농지취득자격증명 발급 건수는 2021년 5만 4000여건에서 2022년 4만 2000여건으로 22% 감소하여 법 개정 이후 농지 거래량이 크게 위축된 것으로 나타났다.이 의원은 발언을 통해 지역마다 사정이 다른데도 구분 없이 농지 취득 규제 강화를 일괄 적용해 농촌의 어려운 현실을 도외시하는 현행 농지법은 지방소멸의 위기감이 고조되고 있는 지방의 경쟁력을 떨어뜨리며 균형 발전의 장애요인이 되는 만큼 농지 취득 규제 완화를 위한 경북도 차원의 대책 마련을 요구했다.또한 비수도권 지역 농지 취득 규제 완화를 통한 농민들의 안정적인 자산 가치 형성과 농촌지역의 활력 모색을 위해 정부와 국회가 농지 취득 규제를 완화하는 입법과 정책 마련에 적극 나서도록 경북도와 시·군, 지역 정치권이 힘을 모아줄 것을 촉구했다.",온라인뉴스팀
연합뉴스,"현대차·기아 김창환전무, 한국인 첫 세계자동차공학회연합 회장",2023.09.13. 오전 9:10,"현대차·기아 김창환 전무[현대차·기아 제공. 재판매 및 DB 금지](서울=연합뉴스) 임성호 기자 = 현대차·기아는 배터리개발센터장과 수소연료전지개발센터장을 겸직 중인 김창환(49) 전무가 세계자동차공학회연합(FISITA)의 차기 회장으로 선출됐다고 13일 밝혔다.     한국인이 FISITA 회장이 되는 것은 1948년 이 단체 설립 이래 처음이다.    FISITA는 전 세계 38개국의 자동차공학회가 참여하는 자동차 분야 세계 최대 규모의 학술기관 연합체다. 현재 약 21만명의 글로벌 자동차 연구원들이 회원으로 활동 중이다.    FISITA 회장은 세계 자동차공학회의 이사회 및 위원회를 주재하는 역할을 한다. FISITA가 주관하는 국제 학술대회에 주요 연사로 참가하는 등 대외 활동도 맡는다.    김 전무는 미래 모빌리티의 핵심 동력원인 배터리 및 수소연료전지 분야의 리더로서 폭넓은 글로벌 네트워크와 연구 경험을 인정받아 회장으로 선출됐다.    회장직 임기는 오는 2025년부터 2027년까지 2년간이며, 임기 시작 이전에도 김 전무는 FISITA 현 회장인 마이크 앤더슨 GM 부사장과 함께 당선인 자격으로 역할을 수행할 예정이다.    이번 회장직 선출은 글로벌 주요 시장에서 '올해의 차' 등 최고 권위의 상을 연이어 수상하며 한층 높아진 위상이 반영된 결과라고 현대차·기아는 해석했다.    김 전무는 ""미래 모빌리티 산업의 주도권을 둘러싸고 전동화로의 전환 경쟁이 심화하는 상황에서 글로벌 자동차 산업 발전에 기여하고, 현대차그룹의 핵심 가치인 '인류를 향한 진보'를 실현하기 위해 최선을 다하겠다""고 밝혔다.    sh@yna.co.kr",임성호(sh@yna.co.kr)
머니투데이,"[영상]바닥 기다가 몸 '부르르'…'마약' 람보르기니男, CCTV 모습",2023.09.13. 오전 9:11,"마약 양성 반응이 나온 A씨가 엉거주춤하다 넘어져 몸을 부르르 떨고 있다. /사진=JTBC 갈무리주차 도중 시비가 붙자 흉기를 꺼내 협박한 혐의를 받는 30대 남성이 마약류 3종을 투약한 것으로 파악됐다. 이 남성은 경찰 체포 당시 바닥을 기어 다니는 이상 행동을 보이기도 한 것으로 알려졌다.서울 강남경찰서는 30대 남성 A씨를 상대로 마약 간이 시약 검사를 한 결과 필로폰·엑스터시·케타민 양성 반응이 나왔다고 지난 12일 밝혔다. 이에 따라 경찰은 A씨에게 마약류관리법 위반 혐의도 적용할 예정이다.A씨는 지난 11일 오후 4시 40분쯤 강남구 논현동의 도로에서 람보르기니 차량을 주차하던 중 인근 가게 직원 B씨와 시비가 붙자 흉기로 위협하고 달아난 혐의를 받는다.A씨는 현장을 떠난 뒤 압구정 로데오 거리에서 차를 세우고 달아났다. 경찰은 폐쇄회로(CC) TV를 분석해 오후 7시 40분쯤 신사동 음식점에서 A씨를 특수협박 혐의로 긴급 체포했다.체포 당시 CC(폐쇄회로)TV 영상에는 A씨가 엉거주춤한 자세로 골목을 걸어오다 뒷걸음질 치며 허공에다 팔을 허우적거리는 모습이 담겼다. 또 중심을 잃고 앞으로 고꾸라진 A씨는 바닥과 표지판을 붙잡고 비틀대고, 엉금엉금 기다가 몸을 부르르 떨기도 했다.조사 결과 A씨는 사건 발생 직전 논현동의 한 피부과를 방문하고, 주차장에서 도주한 이후에도 신사동 모 병원을 방문한 것으로 파악됐다. 병원에서는 수면 마취 시술을 받은 것으로 알려졌다.A씨는 지난달 롤스로이스 차를 타고 행인을 치어 뇌사 상태에 빠지게 만든 B(28)씨와 조폭 선후배 관계란 의혹도 받고 있다.경찰은 이에 실제 B씨와 관계가 있는지 확인하고 있으며, 13일 구속영장은 신청할 것으로 보인다.    마약 양성 반응이 나온 A씨가 엉거주춤하다 넘어져 몸을 부르르 떨고 있다. /사진=JTBC 갈무리",박효주 기자 (app@mt.co.kr)
뉴스1,부산 공·사립 유치원·초등·특수학교 교사 381명 선발,2023.09.13. 오후 1:29,"부산시교육청 전경 ⓒ News1 DB(부산=뉴스1) 박채오 기자 = 부산시교육청은 13일 시교육청 홈페이지를 통해 '2024학년도 부산광역시 공(사)립 유·초·특수학교 교사 임용후보자선정경쟁시험 시행계획'을 발표했다.이번 공립 선발인원은 교원의 정년퇴직과 명예퇴직 등 결원 보충과 유치원·특수교사·초등 교사 정원 증감 등을 반영한 공·사립 유치원·초등학교·특수학교(유·초) 교사 381명이다. 분야별 선발인원은 유치원 교사 10명(일반 9명, 장애인 1명), 초등학교 교사 331명(일반 305명, 장애인 26명), 특수학교 유치원 교사 13명(일반 12명, 장애인 1명), 특수학교 초등 교사 26명(일반 24명, 장애인 2명) 등이다.사립학교 선발인원은 1개 법인에서 위탁한 초등학교 교사 1명이다.원서접수는 10월2일 오전 9시부터 10월6일 오후 6시까지다. 11월11일 제1차 시험을 치르고 12월13일 1차 합격자를 발표한다. 이어 내년 1월10일부터 12일까지 제2차 시험을 치른 후 내년 2월2일 최종합격자를 발표할 예정이다.이번 임용시험은 제1차 시험에서 교직 논술과 교육과정을, 제2차 시험에서 심층 면접과 교수·학습과정안 작성, 수업 실연 등을 각각 치른다. 초등학교 교사의 경우 영어 수업 실연과 영어면접을 추가로 치른다.공립 제1차 시험 합격자는 분야별 선발 예정 인원의 1.5배수로 선발하고, 최종합격자는 제1차와 제2차 시험 성적을 합산하여 결정한다.기타 자세한 내용은 시교육청 홈페이지에서 확인할 수 있다. 한편 2024학년도 중등교사 임용시험 시행계획은 10월4일 공고할 예정이고, 제1차 시험은 오는 11월25일 치러진다.",박채오 기자 (chego@news1.kr)
중앙일보,치매 예방 탁월한 이 운동…40세 이후 일주일에 40분 써라,2023.09.13. 오전 5:00,"중년기(40~64세)부터 땀 나고 숨 가쁠 정도의 강도 높은 걷기를 일주일에 최소 40분 정도 하면 알츠하이머병 예방에 도움이 된다는 연구 결과가 나왔다. 걷기와 기억 기능의 연관성을 바탕으로 치매 예방에 효과 있는 구체적인 걷기 운동법이 제시된 건 처음이다.      12일 한림대학교동탄성심병원에 따르면 정신건강의학과 김지욱·최영민·서국희 교수와 진단검사의학과 김현수 교수, 외과 김종완 교수 연구팀은 이 같은 연구 결과를 최근 국제 학술지 ‘알츠하이머 연구 및 치료’(Alzheimer's Research & Therapy)에 실었다.          중년 이후에 땀 나고 호흡이 가쁜 고강도 걷이 운동을 최소 일주일에 40분 정도한다면 알츠하이머병 예방에 도움된다는 사실이 한림대학교동탄성심병원 연구팀을 통해 밝혀졌다. 사진 한림대학교동탄성심병원 제공            연구팀은 병원 코호트 연구에 참여한 65~90세 노인 188명 중 인지 기능이 정상인 107명과 경도인지장애(치매 전 단계)를 갖고 있는 81명을 대상으로 걷기 활동과 인지 기능의 연관성을 조사했다. 이때 걷기 시간은 최소 ▶1년간 총 32시간 ▶1년간 주당 40분 ▶4개월 연속 주당 2시간 등으로 정의했다.       그 후 걷기 빈도, 시간, 강도, 시작 연령 등으로 다시 분류해 연관성을 살폈다. 시간은 주당 6시간 이상을 ‘장시간’(50명), 6시간 미만은 ‘단시간’(75명), 최소 걷기 활동 수준을 충족하지 못하는 경우 ‘비걷기’(63명) 그룹으로 나눴다.       강도는 미국 메이요클리닉의 운동강도 측정 방법을 따랐다. 호흡과 땀, 대화 가능 여부 등에 따라 ‘고강도’(57명), ‘저강도’(68명), ‘비걷기’(63명) 그룹으로 분류했다. 걷기 활동 시작 시기는 40~64세 ‘중년기 시작’(103명), 65세 이상 ‘노년기 시작’(22명)로 구분했다.       연구팀은 다양한 영향 변수들을 통제하기 위해 전반적인 신체활동, 식이 패턴을 통한 영양평가, 혈액검사 및 알츠하이머병 관련 유전자검사 등도 진행했다.       그 결과 ‘비걷기’ 그룹과 비교해 걷기 활동 그룹은 알츠하이머병 관련 인지 기능이 더 높게 나타났다. 또 전반적인 인지 능력도 우수한 것으로 확인됐다. 전반적인 인지 능력이 우수한 고강도 그룹과 달리 저강도 그룹은 다른 그룹과 비교해 인지 능력에 차이가 없었다. 또 중년기에 걷기 활동을 시작한 그룹이 노년기에 시작한 그룹보다 알츠하이머병 관련 인지 기능을 포함한 전반적인 인지 능력이 뛰어났다. 걷기 활동 시간은 걷기 강도를 통제한 경우 인지 기능에 유의미한 영향을 끼치지 않는 것으로 나타났다.          김지욱 한림대학교동탄성심병원 정신건강의학과 교수. 사진 병원 제공           김지욱 교수는 “중년기에 땀이 나고 호흡이 가빠질 정도의 고강도 걷기 활동을 한다면 알츠하이머병 인지저하를 늦추거나 예방할 수 있는 것으로 나타났다”고 말했다. 김 교수는 “정확한 기전은 아직 불분명하지만 걷기를 포함한 신체 활동은 알츠하이머병을 유발하는 아밀로이드 베타의 수준을 조절하고 신경가소성(뇌가 경험, 학습 등에 의해 변화할 수 있는 능력)을 촉진해 뇌 기능 퇴화를 막기 때문일 수 있다”고 설명했다.       알츠하이머병은 노인에게서 가장 흔한 신경퇴행성 질환이다. 기억을 포함한 여러 인지 기능 저하로 인해 일상생활을 어렵게 만든다. 현재까지 증상개선제 외에 뚜렷한 치료제가 없어 생활 습관 개선을 통한 예방이 더욱 중요하다.",황수연 기자 ppangshu@joongang.co.kr
헤럴드경제,"박광온, ‘새만금 예산’ 삭감에 “예산으로 특정 지역 압박은 독재적 발상”",2023.09.13. 오전 11:36,"“새만금 문제 못풀면 예산심의 정상적으로 못한단 각오”    박광온 더불어민주당 원내대표(왼쪽)가 13일 전북도의회를 찾아 새만금 SOC 예산 삭감에 항의하며 단식 중인 임승식(가운데)·김성수 전북도의원을 격려하고 있다. [연합][헤럴드경제=이승환 기자] 박광온 더불어민주당 원내대표는 13일 정부의 새만금 사회간접자본(SOC) 예산 삭감을 두고 “예산으로 특정한 지역을 압박하겠다는 것은 독재적 발상이 아니고는 불가능한 일”이라고 말했다.박 원내대표는 이날 전북 전주 전북도청에서 열린 예산정책협의회에 참석해 “이 문제를 풀지 않으면 내년 예산 심의를 정상적으로 할 수 없다는 각오”라며 이같이 밝혔다.지난달 발표된 2024년도 정부 예산안을 보면 새만금 주요 SOC 예산은 부처반영액 6626억원 중 78%가 삭감된 1479억원만 반영됐다.이에 전북에 지역구를 둔 민주당 의원들은 지난 7일 국회에서 단체로 삭발을 하는 등 강하게 반발하고 있다.박 원내대표는 협의회에서 “역사적 배경이 있고, 서해안 시대 개발이란 국토균형발전의 철학이 있고, 전북도민의 피와 땀이 담긴 국책 사업을 누군가의 말 한마디로 거꾸로 돌리는 것은 요즘 시대에 도저히 있을 수 없다”고 지적했다.그러면서 “비정상 가운데에서도 가장 비정상적인 예산 독재”라고 했다.박 원내대표는 “이 문제를 풀어가는 데 강력한 항의와 설득, 우리의 명확한 논리가 뒷받침돼야 한다”며 “민주당이 꼼꼼히 챙겨서 우려가 현실이 되지 않도록 최선을 다하겠다”고 덧붙였다.",이승환 nice@heraldcorp.com
매일경제,또래 중학생 옷 벗기고 폭행장면 SNS 생중계한 무서운 10대,2023.09.13. 오전 11:18,"2심 재판부 실형에서 집유로 ‘감형’    또래 중학생 옷을 벗기고 폭행하는 장면을 소셜미디어(SNS)에 생중계한 혐의로 1심에서 실형을 선고받은 10대가 항소심에서는 징역형 집행유예를 선고받았다.대구고법 형사2부(정승규 부장판사)는 13일 아동·청소년의 성보호에 관한 법률 위반 등 혐의로 기소된 A(16)군에 대한 항소심에서 징역 3년에 집행유예 4년을 선고했다.법원은 또 3년간 보호관찰을 받을 것과 80시간 성폭력 치료 프로그램 이수, 5년간 아동·청소년 등 관련 기관 취업제한을 명령했다.법원에 따르면 A씨는 지난 1월 9일 오후 11시10분께 대구 동구 한 모텔에서 B(15)군의 옷을 강제로 벗기고 폭행하면서 이를 SNS로 생중계한 혐의로 재판에 넘겨졌다.1심 재판부는 A군에 징역 장기 4년, 단기 3년을 선고했다. 이에 A군은 항소했다.재판부는“범행 횟수나 수법 등에 비춰 피고인의 죄질이 좋지 않고 비난 가능성이 높다”며 “다만 잘못을 반성하고 있고 원심에서 피해자를 위해 형사 공탁한 점, 이 법원에 이르러 피해자와 원만히 합의한 점 등을 종합하면 원심의 형은 다소 무거워 부당하다고 판단된다”고 양형 이유를 설명했다.",이상규 매경닷컴 기자(boyondal@mk.co.kr)
한국경제,"""대전 교사 가해 학부모 아닌데…"" 가족증명서까지 공개",2023.09.13. 오전 8:39,"사적 제재 논란 속 무고한 피해자 우후죽순""'카더라' 통한 마녀사냥 제발 멈춰달라"" 호소    대전 서구 모 초등학교 정문 앞에 학부모의 악성 민원에 시달리다 극단적 선택을 한 대전 초등학교 교사가 당시 근무했던 학교 교장 앞으로 항의성 근조화환이 쇄도하고 있다. / 사진=연합뉴스악성 민원에 시달리다 극단적 선택을 내린 대전의 한 초등학교 교사의 사연이 알려진 뒤 시민들이 가해 학부모들의 신상정보를 무차별적으로 캐내고 있다. 이 가운데 사건과 관계없는 무고한 피해자들 역시 우후죽순 생겨나고 있는 것으로 파악됐다. 피해자들은 사실상 테러에 가까운 비난으로 생계에 위협을 받고 있다며 마녀사냥을 멈춰야 한다고 호소했다.갈비집을 운영하는 자신의 삼촌이 가해 학부모로 몰려 욕설과 별점 테러를 당했다는 A씨는 지난 12일 온라인 커뮤니티에 글을 올려 ""선생님 조문 다녀오면서 참 가슴이 아팠고 청원에도 동의하며 지지하고 있지만, 카더라(소문)를 통한 마녀사냥만은 멈춰야 할 것 같다""고 했다. 그는 삼촌의 가족관계증명서까지 찍어 올리며 ""자녀는 이미 성인이고, 해당 초등학교에 다닌 적도 없다. 근처에 거주한 적도 없다""고 했다.    삼촌이 가해 학부모로 몰렸다는 한 네티즌이 가족관계증명서를 공개했다. 자녀는 모두 성인이다. / 사진=보배드림또 이날 자신의 아버지가 운영하는 가게가 가해 학부모의 영업장으로 잘못 알려져 피해를 받고 있다는 B씨는 인스타그램을 통해 ""잘못된 정보는 한 가정을 망친다. 이 글을 제발 공유해달라""며 ""평점과 오류로 많은 피해를 받고 있다. 시간이 조금이라도 나신다면 별점 5점과 오류라고 확실한 댓글을 달아주시면 감사드리겠다""고 했다.대전 사건 가해 학부모가 운영하고 있다는 의혹이 제기된 미용실과 같은 상호를 쓰는 또 다른 미용실도 고통을 호소했다. 이 미용실은 온라인 공지를 통해 ""저희 가게는 모 초등 교사와 관련이 없는 곳이다. 저희 가게는 대전 유성구가 아닌 동구에 있으니 제발 주소를 확인해달라""며 ""무분별한 전화 테러와 악의적인 댓글은 자제 부탁드린다""고 했다.대전의 한 음악학원 원장도 온라인 커뮤니티에 ""모르는 번호로 수차례 전화가 오기 시작하면서 저격하는 글들이 올라오기 시작했다""며 ""무고한 사람을 마녀사냥 해 또 피해자를 만들려고 이러는 거냐""고 했다.    자신의 아버지는 대전 교사 극단적 선택 사건과 무관하다고 주장하는 글. / 사진=인스타그램앞서 대전 지역 초등학교에서 근무하던 40대 교사 A 씨는 지난 5일 자택에서 극단적 선택을 해 인근 병원으로 옮겨졌으나, 지난 7일 숨졌다. 올해로 24년 차 교사인 A씨는 2019년 대전 유성구 소재 초등학교에서 근무하면서 학부모들의 악성 민원에 시달렸고 무고성 아동학대 혐의로 고소당한 것으로 알려졌다. 이후 아동학대 고소는 무혐의 처분이 나왔다.이후 사건에 분노한 네티즌들이 가해 학부모들 신상털이에 나서면서 확인되지 않은 정보들이 무차별적으로 확산하고 있다. 또 실제 가해 학부모가 운영하는 것으로 알려진 업장에는 '포스트잇 테러', '케첩 테러' 등이 이뤄지면서 사적 제재 논란도 커지고 있다. 사법 기관이 아닌 개인이나 집단이 형벌을 가하는 게 과연 적절하냐는 것이다. 이런 갑론을박은 최근 흉악 범죄가 기승을 부리면서 전보다 더 뜨겁게 벌어지는 분위기다.리얼리서치코리아가 지난 6월 5~9일 5000명을 대상으로 사적 제재에 대한 설문조사를 실시한 결과 찬성은 50.1%, 반대는 33.1%로 집계됐다. 구체적으로 보면 '국가 혹은 법이 충분한 처벌을 내리지 못한다면 개인의 형벌이 필요하다' 37.6%, '국가와 법의 제재와는 별도로 개인의 형벌에 전적으로 동의한다' 12.5%로 찬성이 50.1%였다. '어떤 상황에서도 개인이 형벌을 가하는 것은 옳지 않다'는 반대 의견은 33.1%였다.※ 우울감 등 말하기 어려운 고민이 있거나 주변에 이런 어려움을 겪는 가족·지인이 있을 경우 자살 예방 핫라인 ☎1577 0199, 희망의 전화 ☎129, 생명의 전화 ☎1588 9191, 청소년 전화 ☎1388 등에서 24시간 전문가의 상담을 받을 수 있습니다.",홍민성 한경닷컴 기자 mshong@hankyung.com
더팩트,"김명수 ""국민 비판 겸허히 수용…좋은 법원 위해 노력""",2023.09.13. 오전 11:50,"제9회 법원의날…이달 24일 퇴임 예정""사법행정 남용 사태 국민 질타 쓰라려""""지난 개혁 공과 냉철히 돌아볼 것""    김명수 대법원장이 ""법원의 개혁 과제 중 가시적인 성과를 보인 것도 있지만 예상치 못한 어려움과 비판이 있었다""며 ""국민의 비판을 겸허히 수용하겠다""고 밝혔다. 김 대법원장이 지난해 5월 30일 오전 서울 서초구 대법원 대접결실에서 한동훈 법무부 장관과 대화를 나누고 있다. /남용희 기자임기만료를 앞둔 김명수 대법원장이 ""법원의 개혁 과제 중 가시적인 성과를 보인 것도 있지만 예상치 못한 어려움과 비판이 있었다""며 ""국민의 비판을 겸허히 수용하겠다""고 밝혔다.김명수 대법원장은 13일 오전 대법원에서 열린 '제9회 대한민국 법원의 날' 기념식에서 ""사법부는 좋은 재판을 통해 국민으로부터 신뢰와 존경받는 좋은 법원을 만들기 위해 노력을 기울여왔다""며 이같이 말했다.김 대법원장은 ""눈에 보이는 작은 실적에 안주하지 않고 국민의 비판을 겸허히 수용하되, 사법부 구성원 모두가 자신의 역할에 최선을 다하는 것만이 국민이 우리에게 부여한 사명을 완수하는 길""이라고 밝혔다.그러면서 ""사법 행정권 남용 사태로 인한 국민의 질타는 쓰라렸고, 사법부의 신뢰 회복은 요원하게만 보였다""며 ""전대미문의 위기 속에서 사법 개혁을 통해 진정한 사법 독립을 이루라는 국민의 준엄한 명령을 듣고 국민에게 사랑받는 사법부가 되기 위해 노력해 왔다""고 강조했다.김 대법원장은 ""아직은 사법부가 미흡하고 부족해 보일 수 있지만 결코 사법부의 개혁 의지가 꺾이거나 현실에 안주해서가 아니다""라며 ""지난 개혁의 공과를 냉철히 돌아보겠다""고 말했다.또 ""사법부 구성원 모두가 다시 굳은 각오로 국민을 위한 좋은 법원을 만들기 위해 제도 개선에 더욱더 정진할 것""이라고 다짐했다.지난 2017년 9월 25일 취임한 김 대법원장은 이달 24일 6년의 임기를 마치고 퇴임한다.김 대법원장은 취임 후 △지방법원과 고등법원 대등 재판부제도 정착 △판결서 공개 범위 확대 및 인터넷 열람제도 개선 △영상재판 확대 및 활성화 △형사전자소송제도 도입 △사회적 약자를 위한 사법접근센터 설치 △장애인 사법지원제도 확대 등을 도입했다.이날 행사에서는 고 정의철 전 울산지방법원 판사, 경민성 법원행정처 등기주사보, 김서영 수원가정법원 법원 주사, 고선미 법원도서관 기록연구관, 양미 서울고등법원 보안관리서기보, 원태영 서울가정법원 전문가 후견인, 윤순덕 전주지방법원 집행관이 대법원장 표창을 받았다.발로 뛰는 더팩트는 24시간 여러분의 제보를 기다립니다.▶카카오톡: '더팩트제보' 검색▶이메일: jebo@tf.co.kr▶뉴스 홈페이지: http://talk.tf.co.kr/bbs/report/write",정채영(chaezero@tf.co.kr)
매일경제,“한 달간 수산물 3t 먹습니다”…3만5000명 매주 한 끼씩  소비,2023.09.12. 오후 2:25,"정부청사 17곳서 중식 제공     지난 10일 강서수산물도매시장에서 수산대축제가 열린 가운데 고객들이 수산물을 구매하고 있다. [이승환기자]행정안전부 정부청사관리본부는 9월 13일 수요일부터 정부청사 내 구내식당에서 국내 수산물을 활용한 메뉴를 제공하는 ‘수(水)요일엔 우리 수(水)산물 먹는 날’ 행사를 진행한다고 12일 밝혔다.수산물 메뉴는 9월 4주간 매주 수요일에 4주간 중앙행정기관이 입주해 있는 세종․서울․과천․대전 등 4대 청사의 총 17개 구내식당에서 중식으로 제공될 예정이다.이번 행사가 진행되는 4대 청사에는 총 74개 기관, 3만5000여 명이 넘는 직원들이 입주해 있어 하루 평균 중식 수가 7천 식수가 넘는 만큼 행사기간 동안 약 3톤 내외의 국내산 수산물을 소비할 수 있을 것으로 행안부는 기대했다.수산물은 우럭, 멍게, 전복 등을 포함하여 꽃게, 장어, 고등어 등 국민 선호도가 높은 품목 위주로 구성된다. 수산물을 활용한 메뉴는 젊은 층이 선호하는 푸팟퐁 커리, 해물파스타 등과 함께 중장년층이 선호하는 오징어물회, 멍게비빔밥 등 다양하게 제공되어 입주직원들의 참여를 유도할 계획이다.정부청사 구내식당에서 구매하는 수산물은 해양수산부가 식품의약품안전처와 지방자치단체와 협력을 통해 방사능 수치 검사를 실시하여 적합 판정을 받은 수산물이며, 시중에 유통되는 일반 수산물과 같다.최훈 행안부 정부청사관리본부장은 “이번 행사를 통해, 입주직원을 포함한 우리 국민이 우리 수산물을 안심하고 먹을 수 있는 계기가 돼 수산업계에 도움이 되길 바란다”고 밝혔다.",권오균 기자(592kwon@mk.co.kr)
연합뉴스,'광주 청년 주간' 15∼17일 5·18 민주광장서 개최,2023.09.12. 오후 2:05,"광주 청년 주간 포스터[광주시 제공. 재판매 및 DB 금지]    (광주=연합뉴스) 손상원 기자 = 광주 청년 주간 행사가 오는 15∼17일 5·18 민주광장, 국립 아시아 문화전당 일원에서 열린다.    12일 광주시에 따르면 청년 주간은 2015년 광주 하계 유니버시아드를 기념한 '세계 청년축제'를 시작으로 올해 9회째를 맞은 지역 대표 청년 축제다.     올해는 신종 코로나바이러스 감염증(코로나19) 전 활발한 청년문화를 다시 느끼고, 열정과 에너지를 다시 채워보자는 중의적 의미를 담아 '청년의 이야기로(路) Re:Feel(리필)'을 주제로 정했다.    청년 창업, 청년 책방, 벼룩시장 등 관련 부스와 함께 청년 예술가의 작품을 소개하는 갤러리를 조성한다.    댄스·힙합·뮤지컬 공연, 특별 강연, 콘서트, '도란도란 피크닉' 등 행사도 한다.    행사 기간에는 아시아 문화전당에서는 '아시아 문화 주간'도 열려 협업이 기대된다고 광주시는 전했다.    sangwon700@yna.co.kr",손상원(sangwon700@yna.co.kr)
파이낸셜뉴스,철도노조 4년만에 낼 총파업...대화거부 국토부에 책임돌려,2023.09.13. 오전 8:22,"원희룡 국토교통부 장관이 지난 11일 서울 종로구 코리안리 빌딩에서 열린 국가상징공간 조성 관계기관 업무협약식에 참석해 인사말을 하고 있다. 뉴시스[파이낸셜뉴스]전국철도노동조합이 4년만에 총파업에 돌입한다. 철도노조는 14일 시작되는 총파업의 책임을 원희룡 국토교통부 장관쪽으로 돌렸다. 철도노조는 사회적 논의와 대화를 국토부에 제안했지만 거부당했다고 주장하고 있다.   이번 총파업은 지난 1일부터 목포·여수·포항과 서울 수서를 오가는 SRT 노선 3개가 신설되며, 기존에 부산과 수서를 오가는 SRT 열차 운행횟수는 주중 왕복 5회 줄어든 것이 계기가 됐다. 보유 열차가 적은 SRT만을 활용해 신규 노선 확대를 추진하다보니 기존 노선 운행횟수 감소로 이어진 것이다. SRT는 주식회사 SR이 운영하는 민간투자사업 고속 열차다. 공공열차 KTX와 차이가 있다.   국토부는 서울역과 부산역을 오가는 KTX를 왕복 3회 증편을 대책으로 내놨지만, 철도노조는 해당 증편 열차들을 서울∼부산이 아닌 수서∼부산 노선에 투입해야 한다고 요구하고 있다. 또한 국민 안전을 위해 열악한 근무환경 개선을 철도노조는 요구하고 있다. 철도노조는 4조 2교대 근무의 전면 시행이 절실하다고 주장중이다.   철도노조는 ""4조 2교대는 야간 이틀 연속근무의 어려움을 개선하려고 마련한 근무 체계로, 노사 합의 사항이지만 4년 넘게 전면 시행이 미뤄지고 있다""며 ""철도노동자의 파업은 현장 안전을 확보해야 한다는 절실한 요구에 기반하고 있다""고 강조했다.   노조는 사측과 지난 7월부터 6차례의 실무교섭과 1차례의 본교섭을 가졌지만 합의에 이르지 못했고, 중앙노동위원회 조정도 결렬됐다.   철도노조에 따르면 이번 파업은 14일 오전 9시부터 18일 오전 9시까지 진행될 예정이다. 철도노조가 지난달 28∼30일 실시한 쟁의행위 찬반투표는 찬성률 64.4％로 가결됐다.   철도노조가 실제 파업을 하면 2019년 11월 이후 거의 4년 만의 파업이다. 철도노조가 파업에 들어가면 KTX 등 여객열차와 화물열차가 20∼60%가량 감축 운행될 수밖에 없어 이용객 불편과 산업계 업무 차질이 우려된다.   국토부는 파업이 시작될 가능성이 높은 것으로 보고 있다. 국토부는 이날부터 비상대책반을 백원국 제2차관을 본부장으로 하는 '정부 합동 비상수송대책본부'로 확대 운영한다. 대체 인력을 활용해 출퇴근 시간대 광역전철과 KTX 등의 운행률을 평소의 70% 수준으로 확보하며 국민 불편을 최소화한다는 방침이다.   고속·시외버스를 추가 배차하고, 지방자치단체와도 적극 협력해 서울지하철 1·3·4호선을 증편하며, 수요에 맞춰 전세·예비버스 등도 충분히 투입하는 등 국민의 출퇴근에 지장이 없도록 할 계획이다.        전국철도노동조합 조합원과 연대 노조원들이 지난 1일 오후 서울 중구 서울역앞에서 '철도 쪼개기 확대·수서~부산 열차 감축 규탄' 기자회견을 하고 있다. 뉴시스",김경수 기자 (rainman@fnnews.com)
경향신문,"가을 부르는 비, 모레까지 전국에···주말에도 전국에 비소식",2023.09.13. 오후 12:12,"13일 오전 제주 서귀포시 표선면 성읍리 보롬왓을 찾은 관광객들이 맨드라미 등이 활짝 핀 꽃밭에서 가을 정취를 만끽하고 있다. 연합뉴스금요일인 15일까지 전국에 비가 올 것으로 보인다는 예보가 나왔다. 주말에도 전국에 비가 올 것으로 예상된다.기상청은 13일부터 15일 사이 전국 대부분 지역에 비가 올 것으로 예상된다고 13일 예보했다. 목요일인 14일은 전국 대부분 지역에 비가 오겠고, 수도권은 아침에, 강원 영서와 충청권은 낮에 대부분 그치겠다. 15일은 전국 대부분 지역에 비가 오겠다.13일 오전 현재 강원 고성 평지에는 호우경보, 강릉과 속초, 양양 등 강원 영동 평지와 충북 충주에는 호우주의보가 발효 중이다. 강원 영동에는 14일까지 80㎜ 이상의 많은 비가 오는 곳도 있을 것으로 예상된다. 특히 14일 새벽까지 강원 영동에는 시간당 20~40㎜의 강한 비가 오는 곳도 있겠다. 기상청은 15일까지 내리는 비는 기압계에 따라 강수 구역과 강수량의 변동성이 클 것으로 내다보고 있다.14일까지 지역별 예상 강수량은 경기 남부, 강원도, 대전·세종·충남, 충북은 20~60㎜, 서울·인천·경기 북부, 서해5도와 제주도는 10~40㎜, 광주·전남, 전북, 대구·경북, 부산·울산·경남, 울릉도·독도는 10~60㎜ 등이다.15일까지 비가 오는 지역에서는 돌풍과 함께 천둥·번개가 치는 곳이 있겠다. 기상청은 가시거리가 짧아지고 도로가 미끄러운 곳이 있겠다며 피해가 없도록 각별히 유의할 것을 당부했다.비가 내리면서 늦더위는 한풀 꺾일 것으로 예상된다. 당분간 낮 기온은 평년(최고기온 24~28도)과 비슷하겠다.기상청은 13일 발표한 중기예보에서 토요일인 16일과 일요일인 17일에는 전국에, 월요일인 18일에는 제주도에 비가 올 것으로 보인다고 예보했다. 수도권과 강원도는 17일 오후쯤 비가 그칠 것으로 예상된다.",김기범 기자 holjjak@kyunghyang.com
SBS,'누가 이 사람을 모르시나요' 부른 가수 곽순옥 별세…향년 91세,2023.09.13. 오전 8:23,"1960년대 영화 '남과 북'의 주제가로 쓰인 노래 '누가 이 사람을 모르시나요'를 부른 원로 가수 곽순옥이 어제(12일) 별세했다고 유족이 전했습니다.향년 91세입니다. 1951년 미8군 가수로 데뷔한 고인은 분단의 슬픔과 이산가족의 애타는 심경을 그린 노래 '누가 이 사람을 모르시나요'로 큰 사랑을 받았습니다.이 곡은 1964년 라디오 연속극 '남과 북'의 주제가로 쓰이며 처음 알려졌고, 이후 동명의 영화 '남과 북'에도 삽입됐습니다.당시 영화와 함께 노래도 크게 흥행했으며 패티김, 문주란, 장사익 등 여러 가수가 다시 부르며 오랜 기간 사랑받았습니다.특히 패티김이 부른 버전은 1983년 'KBS 특별생방송 이산가족을 찾습니다'의 주제가로 쓰이며 당시 '국민가요'로 떠오르기도 했습니다.빈소는 고려대 안암병원장례식장 203호에 마련됐습니다.(사진=KTV 국민방송 유튜브 캡처, 연합뉴스)",유영규 기자 sbsnewmedia@sbs.co.kr
연합뉴스,조선시대 신부의 행복 바라던 붉은 옷…RM이 후원한 활옷 공개(종합),2023.09.13. 오후 1:24,"국립고궁박물관, 왕실 여성 혼례복 등 110여 점 모은 전시 15일 개막비단 위 화려한 자수 장식 눈길…""아름다운 우리 전통문화의 정수""    조선왕실 여성 혼례복 '활복'의 수려함(서울=연합뉴스) 임화영 기자 = 13일 오전 서울 종로구 국립고궁박물관에서 '활옷 만개' 특별전에 전시될 조선왕실 여성 혼례복 '활복'이 언론에 공개되고 있다. 2023.9.13 hwayoung7@yna.co.kr    (서울=연합뉴스) 김예나 기자 = 8월에 피는 잇꽃(紅花·홍화)으로 수십 번 염색하며 얻은 대홍(大紅)색은 붉은빛이 진하다.     진홍(眞紅), 목홍(木紅), 토홍(土紅) 등 다른 색보다 붉고, 색을 내기도 힘들다.     조선시대에는 이처럼 귀하게 얻은 붉은 비단 위에 봉황, 원앙, 꽃 등 갖가지 문양을 수놓고 금박으로 화려하게 장식했다. 혼례의 주인공에게 허락된 붉은 활옷이다.     조선 왕실의 여성들이 입은 '웨딩드레스' 활옷을 조명한 전시가 열린다.     조선왕실 여성 혼례복, 활옷 공개(서울=연합뉴스) 임화영 기자 = 13일 오전 서울 종로구 국립고궁박물관에서 '활옷 만개' 특별전에 전시될 조선왕실 여성 혼례복이 언론에 공개되고 있다. 2023.9.13 hwayoung7@yna.co.kr    국립고궁박물관은 이달 15일부터 조선시대 활옷과 관련 유물 총 110여 점을 한자리에 모은 특별전 '활옷 만개(滿開) - 조선 왕실 여성 혼례복'을 선보인다.     활옷은 우리 고유 복식의 전통을 이은 긴 겉옷을 뜻한다.     조선 왕실에서는 길이가 긴 홍색 옷이라는 뜻에서 '홍장삼'(紅長衫)으로 기록했는데, 훗날 왕실을 넘어 민간에서도 혼례를 올릴 때 신부가 입는 예복으로 자리 잡았다.     현재 국내에 30여 점, 국외에 20여 점 등 50여 점의 활옷이 남아있는 것으로 전한다.    '활복'과 전통혼례의 재현(서울=연합뉴스) 임화영 기자 = 13일 오전 서울 종로구 국립고궁박물관에서 '활옷 만개' 특별전에 전시될 조선왕실 여성 혼례복 '활복'과 전통혼례 재현이 언론에 공개되고 있다. 2023.9.13 hwayoung7@yna.co.kr    이경훈 문화재청 차장은 전시 개막에 앞서 13일 서울 종로구 국립고궁박물관에서 열린 언론 공개회에서 ""활옷은 조선 왕실 의례복 중에서도 아름답기로 손꼽히는 전통문화의 정수""라고 소개했다.    전시는 조선 왕실의 혼례와 그 절차를 소개하며 시작된다.     관람객들은 왕실 혼례에 관한 내용을 정리한 '국혼정례'(國婚定例), 순조(재위 1800∼1834)의 셋째 딸 덕온공주(1822∼1844)의 혼례 과정과 혼수품을 기록한 문헌 등을 살펴볼 수 있다.     혼례 때 신부의 얼굴을 가리기 위해 쓰던 둥근 모양의 부채, 해 질 녘에 시작하는 동뢰연에서 어둠을 밝히고 엄숙함을 더하던 촛대 등도 함께 전시된다.    전시장에서 놓치지 말아야 할 핵심은 화려한 장식이 돋보이는 활옷 9점이다.     활옷 전시를 준비하는 과정[국립고궁박물관 제공. 재판매 및 DB 금지]    순조의 둘째 딸 복온공주(1818∼1832)가 입었던 활옷을 비롯해 미국 필드 박물관, 브루클린 박물관, 클리블랜드 미술관 등이 소장한 다양한 활옷이 관람객의 눈길을 사로잡는다.     그중에서 로스앤젤레스 카운티 미술관(LACMA)의 활옷은 처음 공개돼 주목할 만하다.     이 활옷은 2021년 그룹 방탄소년단(BTS)의 리더 RM(본명 김남준)이 문화유산 보존·복원을 위해 써달라고 낸 기부금 1억원으로 보존 처리 작업을 진행할 수 있었다.    진한 붉은 빛 비단에 연꽃, 모란, 봉황, 백로, 나비 등 부부의 해로와 행복을 비는 여러 무늬를 수놓은 예복으로, 현존하는 활옷 유물 중에서도 문화적 가치가 큰 것으로 평가받는다.    활옷 전시 준비(서울=연합뉴스) 국립고궁박물관은 오는 15일부터 조선시대 활옷과 관련 유물 총 110여 점을 한자리에 모은 특별전 '활옷 만개(滿開) - 조선 왕실 여성 혼례복'을 선보인다고 13일 밝혔다. 사진은 활옷 전시를 준비하는 과정. 2023.9.13 [국립고궁박물관 제공. 재판매 및 DB 금지] photo@yna.co.kr    전시를 기획한 조지현 국립고궁박물관 학예연구사는 ""지난해 10월에 국내로 들여와 자수 주변 밑단을 정리하고, 전체적인 얼룩과 접착제 등을 제거하는 작업을 거쳤다""고 설명했다.    RM은 지난 6월 국외소재문화재재단과 진행한 서면 인터뷰에서 ""(보존 처리를 마친 활옷을 통해) 전 세계 많은 사람이 아름답고 우수한 대한민국의 전통문화를 향유할 기회가 되길 바란다""고 밝혔다.    이번 전시는 활옷을 만드는 사람과 이들의 노력에도 주목한다.     임금의 의복을 만들고 궁 안의 재물 등을 관리하던 상의원(尙衣院)과 이곳에서 일하던 장인이 어떻게 활옷을 만들었는지 과정을 찬찬히 짚는다.     조선왕실 여성 혼례복, 활옷 공개(서울=연합뉴스) 임화영 기자 = 13일 오전 서울 종로구 국립고궁박물관에서 '활옷 만개' 특별전에 전시될 조선왕실 여성 혼례복이 언론에 공개되고 있다. 2023.9.13 hwayoung7@yna.co.kr    소매 뒷면에 '홍장삼 수초 뎌동궁'이라는 글씨가 남아 있는 '덕온공주 홍장삼 자수본'은 옷감에 수놓을 도안과 완성된 활옷을 견줘볼 수 있다는 점에서 눈여겨볼 만한 자료다.    전시실에서는 치마, 저고리 등을 받쳐 입은 뒤 마지막 겉옷으로 활옷을 입는 과정을 담은 영상과 활옷 자수를 활용한 매체예술(미디어 아트) 등도 만나볼 수 있다.    박물관은 ""평소 접근하기 어려웠던 전통 복식과 조선 왕실 여성들의 혼례 문화에 대해 한층 더 깊이 이해할 수 있는 계기가 되길 바란다""고 밝혔다.     전시는 12월 13일까지.     조선왕실 여성 혼례복, 활옷 공개(서울=연합뉴스) 임화영 기자 = 13일 오전 서울 종로구 국립고궁박물관에서 '활옷 만개' 특별전에 전시될 조선왕실 여성 혼례복이 언론에 공개되고 있다. 2023.9.13 hwayoung7@yna.co.kr    yes@yna.co.kr",김예나(yes@yna.co.kr)
YTN,"[날씨] 전국 가을비, 영동 호우특보...늦더위 주춤, 서울 24℃",2023.09.13. 오전 10:13,"한동안 기승을 부리던 늦더위가 오늘부터 누그러지겠습니다.현재 서울에도 빗방울이 떨어지기 시작한 모습인데요,전국에 가을비가 내리며 오늘 서울 한낮 기온은 24도에 머물겠습니다.연일 30도 가까이 올랐던 낮 기온이 하루 만에 6도가량 낮아지는 건데요.급격한 온도 변화에 건강 잃지 않도록, 체온 조절에 신경 써주시기 바랍니다.레이더 화면부터 살펴보면, 현재 중부지방을 중심으로 비구름이 분포하고 있습니다.비는 점차 남부로도 확대하겠는데요,붉은색으로 보이는 강한 비구름이 집중된 영동 지역에는 호우특보가 내려진 가운데,시간당 20mm 안팎의 장대비가 관측되는 곳도 있습니다.내일까지 영동 많은 곳에는 100mm 이상의 비가 쏟아지겠고요,수도권에는 최대 40mm, 그 밖의 전국에 많게는 60mm의 비가 오겠습니다.가을비에 늦더위가 물러나면서, 오늘 낮 기온은 어제보다 3도에서 6도가량 낮겠는데요.서울 24도, 광주 26도, 대구 27도에 머물겠습니다.비는 내일 오전까지 이어지다 잠시 소강상태에 들겠고요.이후 비구름이 다시 북상하면서, 금요일부터 휴일까지 전국에 비가 이어지겠습니다.내일 새벽까지 영동에는 시간당 20에서 40mm의 매우 강한 비가 집중되겠습니다.또 비가 오는 곳에서는 돌풍, 벼락과 함께 요란하게 쏟아질 수 있겠으니까요,시설물 피해와 안전사고가 발생하지 않도록 각별한 주의를 기울여주시기 바랍니다.지금까지 YTN 고은재입니다.그래픽: 김현진※ '당신의 제보가 뉴스가 됩니다'[카카오톡] YTN 검색해 채널 추가[전화] 02-398-8585[메일] social@ytn.co.kr",고은재(ejko0428@ytn.co.kr)
YTN,[날씨] 오늘 전국 흐리고 가을비...늦더위 누그러져,2023.09.13. 오전 6:22,"곳곳에 늦더위를 식혀주는 가을비가 내리고 있습니다.이곳 서울은 아직 하늘빛만 흐린 상태인데요.오전에는 그 밖의 전국으로 비가 확대하겠고, 내일까지 이어지겠습니다.비가 내리면서 더위의 기세도 누그러지겠습니다.오늘 서울 한낮 기온은 24도, 광주는 26도 선에 머무르겠습니다.자세한 레이더 화면부터 살펴보겠습니다.현재 비구름은 주로 강원과 충청, 호남지방에 분포하고 있습니다.특히 강원 동해안과 전남 담양에는 호우주의보가 발령 중인 가운데, 시간당 20~40mm의 장대비가 집중되고 있는데요.내일 새벽까지 영동 지방을 중심으로 매우 강한 비가 예상되는 만큼,피해 없도록 각별히 유의하시기 바랍니다.내일까지 강원 영동 많은 곳에 100mm 이상,그 밖의 전국으로는 10~60mm의 비가 내리겠고요.곳에 따라 벼락과 돌풍이 동반되기도 하겠습니다.현재 기온 살펴보겠습니다.현재 서울 기온 23.4도, 대전 21.6도, 울산은 22.9도를 나타내고 있습니다.낮 동안에는 어제보다 기온이 3~5도가량 내려가겠습니다.오늘 서울 한낮 기온 24도, 전주 25도, 대구는 27도가 예상됩니다.이번 비는 주 후반까지 오락가락 길게 이어지겠고요.비가 내리는 동안 대부분 지역의 낮 기온이 30도를 밑돌면서, 늦더위가 누그러질 전망입니다.오늘과 내일 곳곳에 비가 내리면서, 가시거리가 짧고, 도로가 미끄러운 곳이 많겠습니다.차 간 거리를 넉넉히 두고, 속도를 줄이는 등 교통안전에 유의해주시기 바랍니다.지금까지 YTN 윤수빈입니다.그래픽 : 김현진※ '당신의 제보가 뉴스가 됩니다'[카카오톡] YTN 검색해 채널 추가[전화] 02-398-8585[메일] social@ytn.co.kr",윤수빈(su7534@ytn.co.kr)
헤럴드경제,"현대모비스 뇌파 분석 ‘엠브레인’, 안전기술대상 대통령상 수상",2023.09.13. 오후 12:02,"세계 최초 뇌파 기반 운전자 모니터링피곤, 졸음 등 건강 상태 실시간 체크경기도 공공버스 시범 도입, 완성도 입증    2023 서울모빌리티쇼 현대모비스 부스에 전시된 뇌파 기반 운전자 모니터링 시스템 ‘엠브레인’을 시연하는 모습. [현대모비스 제공][헤럴드경제=서재근 기자] 현대모비스는 13일 행정안전부 주최로 고양 킨텍스에서 열린 ‘2023 안전산업박람회’ 개막식에서 ‘엠브레인’이 안전기술대상 최고상에 해당하는 대통령상을 수상했다고 밝혔다.엠브레인은 운전자의 뇌파를 분석해 피곤, 졸음, 부주의 등 건강 상태를 실시간으로 체크하는 시스템이다. 운전자의 주의력이 떨어질 경우 운전석 시야 주변의 LED, 진동 시트, 헤드레스트 스피커 등을 활용해 시각, 촉각, 청각 등 다양한 방법으로 경고한다.엠브레인은 소형 이어셋 착용만으로 이 같은 뇌파 분석을 가능하게 했다. 운전자가 오랜 시간 착용해도 불편함이 적도록 뇌파 센서를 소형화하면서도 신호 품질은 높였다.엠브레인은 경기도 공공버스에 시범 도입, 기술 완성도를 입증했다. 경기연구원의 자료에 따르면 엠브레인 착용 후 버스 운행 시 운전 부주의 발생 빈도가 25.3% 줄었다. 2021년 10대로 시작해 올해 300대 보급이 이뤄졌다. 현대모비스는 매년 단계적으로 보급량을 늘려 기술 완성도를 끌어올린다는 계획이다.현대모비스는 ‘사용자의 마음을 읽는’ 엠브레인의 특성에 착안해 아동 심리 상담 지원에도 나섰다. 경기, 인천, 강원 등 전국 6개 아동보호기관에 전달돼 심리 상담에 활용되고 있다.현대모비스 관계자는 “엠브레인은 다가올 자율주행 시대를 맞아 탑승자의 이상 상황 확인과 안전 대처를 통해 ’마음을 읽은 모빌리티 기술’로 진화가 기대된다”며 “엠브레인으로 대표되는 뇌파 기반 기술이 운전자 안전사고 예방, 심리 상담 지원 등 사회적으로 유익하게 쓰일 수 있도록 기술을 고도화하고, 활용 범위를 확대해 나갈 것”이라고 말했다.한편 현대모비스는 생체 신호 중 가장 파악 난이도가 높은 뇌파를 활용한 엠브레인 개발을 통해 올해 초 열린 ‘CES 2023’ 혁신상, 안전산업박람회 혁신부문 우수상을 받았다.",서재근 likehyo85@heraldcorp.com
한겨레,[단독] ‘성추문’ 고은 시집 판매 재개…출간 뒤 130여권 팔려,2023.09.13. 오전 5:03,"출간 논란 뒤 공급 중단했던 실천문학“‘출판 자유’ 투쟁”…최근 시집 재공급고은 구순 문집 헌정 행사도 열려    고은 시인. 류우종 기자 wjryu@hani.co.kr과거 성추행 의혹으로 출간 당시 논란이 일며 공급이 중단됐던 고은 시인의 시집 ‘무의 노래’를 실천문학사가 최근 판매 재개한 것으로 확인됐다. 판매량은 저조한 것으로 파악된다. 실천문학사는 올 1월 하순출간 논란에 사과하며 “여론의 압력에 출판의 자유를 포기해야 하는지에 대한 결정이 날 때까지” 도서 공급을 중단하겠다고 밝힌 바 있다.인터넷서점 교보문고와 예스24는 12일 한겨레에 “실천문학이 해당 책 공급 중단 의사를 1월에 전해왔고, 7월 말 공급을 재개한다고 알려왔다”고 밝혔다. 윤한룡 실천문학사 대표는 계간지 ‘실천문학’ 봄여름호(147호)에 게재한 글 ‘출판과 언론의 자유 충돌과 공존의 길’을 통해 “‘출판의 자유’와 본 출판사에 ‘악의적인 세력’에 대한 투쟁의 길”을 표명하며 “본사는 늘 소외된 분들의 편일 수밖에 없고, 세상사에 소외인들은 영원히 사라지지 않을 테니 우리의 길도 끝이 없으리라 본다. …만일 고은 선생님께서 하루아침에 (노벨문학상 수상 등으로) 비 소외인이 돼 스포트라이트의 중심에 서는 날이 온다면 본사는 그곳이 아니라 다시 소수인의 곁으로 가 있지 않을까 한다”고 썼다. 실천문학사는 신작 시집을 펴낸 고은 시인을 ‘소외된 시인’이 아닌 “전 지구적 시인”으로 소개하고 있다. 윤 대표는 아울러 처음 출간 사실을 보도한 인터넷 매체 등을 “기레기”라 비난하고, 실천문학 편집자문위원으로 사퇴 의사와 함께 고은 시인 및 출판사의 사과를 촉구했던 이승하 시인(중앙대 문예창작과 교수)을 두고 “의인인가? 기회주의적 가해자인가?”라고 반문하기도 했다.    전국 1490개 도서관 데이터를 수집하는 국립중앙도서관의 ‘도서관 정보나루’ 확인 결과, 고은 시인의 신작 시집 ‘무의 노래’는 출간 이후 9월12일 오전 현재까지 1건이 대출됐다. 누리집 갈무리책 출간 사실이 알려진 올초 대중들의 반발은 거셌다. 고은 시인의 해명도 사과도 없는 복귀와 이를 가능하게 한 출판사를 비판하며 도서 불매 의사까지 제기됐다. 이러한 “세간의 여론에 부응하여” 도서 공급을 중단한다던 실천문학사는 “출판의 자유를 억압하는 병든 사회”라는 게재글의 소제목과 함께 지난 입장을 거둬들였다. 윤 대표는 논란 직후인 올 1월18일 직접 만났던 고은 시인이 “본사와 (추천사를 쓴) 김우창 선생님(고려대 명예교수)께 제일 미안하다고 하셨다”고도 글에 썼다. 독자나 성추행 논란의 당사자 등은 거론되지 않았다. 실천문학은 봄호를 예정했으나 봄·여름호로 최근 간행됐다. 철학·공연 쪽 2명의 필자가 청탁을 거부했다는 사실도 공개했다.윤한룡 대표는 도서 공급 재개 여부 및 배경, 독자들에 대한 입장 등과 관련해 한겨레에 “시종일관 본사의 주장은 인간의 기본권인 표현의 자유를 허하라는 것”이라며 “누구든 죄인에게는 그 죄에 준하는 엄벌을 하되 그밖의 연좌제나 전과자 차별이나 표현의 자유 억압 등을 자행하는 것은 선진사회의 길이거나 정의가 아닐 뿐더러 불법”이라고 밝혔다.교보문고와 예스24를 통해 판매된 고은 시인의 ‘무의 노래’는 출간 이후 지난주까지 각 100권, 30권 미만으로 파악된다. 대담집 ‘고은과의 대화’는 10권 미만(예스24 경우)이다. ‘무의 노래’가 공급 재개된 이후 판매 부수는 두 곳에서 모두 “10권이 되지 않았다.” 전국 1490개 도서관 데이터를 수집하는 국립중앙도서관의 ‘도서관 정보나루’를 확인한 결과, ‘무의 노래’는 출간 이후 9월12일 오전 현재까지 대출 건수 1건, ‘고은과의 대화’는 7건으로 집계됐다.    지난 7월26일 경기 양평 두물머리생태학교에서 고은 시인이 참석한 가운데 시인의 구순을 기리는 문집 헌정 행사가 열렸다. 임진택씨가 판소리를 하고 있다. 즈음해 실천문학사는 고은 신작 시집 ‘무의 노래’의 시중 공급을 재개했다. 유튜브 갈무리한편 지난 7월26일 경기 양평 두물머리생태학교에서 고은 시인이 참석한 가운데 시인의 구순을 기리는 문집 헌정 행사가 열렸다고 인터넷 매체 더스쿠프가 최근 보도했다. 행사 영상은 유튜브에도 올라있다. 헌정문집 ‘그리움 너머 그가 있네’엔 유홍준 명지대 석좌교수 등 200명이 넘는 문인·예술인이 참여한 것으로 전해진다. ‘무의 노래’의 시중 공급이 재개된 즈음이다.",임인택 기자 imit@hani.co.kr
KBS,[날씨] 강원 영동 내일까지 많은 곳 100mm 이상 비…돌풍·천둥·번개 유의,2023.09.13. 오전 10:51,[KBS 춘천],KBS
머니투데이,쏘카 운전 중 '쾅'…자기부담금 '0원' 상품 나온다,2023.09.13. 오전 9:00,"쏘카가 차량 이용 중 사고가 나도 자기부담금이 '제로'인 상품을 차량손해면책제도에 추가했다고 13일 밝혔다. 자기부담금은 쏘카 이용중 사고가 나 차량을 수리해야 하는 경우 이용자가 부담하는 금액이다. 앞으로는 자기부담금 △면제 △5만원 △30만원 △70만원 등 4종 상품을 이용할 수 있다.자기부담금 면제 상품은 5만원 상품에 포함되는 AXA운전자보험을 추가로 제공한다. 이용자가 교통사고로 인한 형사적인 책임을 지게 될 경우 형사합의금, 벌금, 변호사선임비용 등을 보장한다. 사고로 인한 견인, 구난 등을 위한 긴급 출동 비용도 보장한다. 쏘카는 일반적인 자차담보보험과 같이 사고 발생 시 차량 수리비용을 줄이기 위해 차량손해면책제도를 운영 중이다. 고객들은 쏘카 이용시 필수 가입해야 한다. 그 외 사고에 따른 피해는 전 차량이 가입된 자동차종합보험을 통해 △자손(1500만원) △대인(무한) △대물(1억원)로 보장한다. 예컨대 쏘카 고객이 운행 중 차량 접촉 사고를 일으켜 대인 1000만원, 대물 3000만원, 자손 500만원, 쏘카 차량피해 1000만원 피해가 발생하고 견인차량도 출동했는데, 해당 고객이 자기부담금 제로 상품에 가입했다면 자기부담금 전액이 면제된다. 김원섭 쏘카 플릿그룹장은 ""쏘카 고객 중 절반 이상이 자기부담금이 가장 적은 5만원 상품을 이용하고 있었다""며 ""이번에 새롭게 선보이는 면제 상품이 고객들의 사고 불확실성을 줄이는 한편 더 안심하고 쏘카를 이용하는데 기여할 수 있을 것""이라고 말했다.    /사진=쏘카",윤지혜 기자 (yoonjie@mt.co.kr)
한국경제TV,아이폰15 베일 벗었다…티타늄 '눈길',2023.09.13. 오전 5:46,"애플이 12일(현지시간) 최신 스마트폰인 아이폰15 시리즈 등 새로운 제품을 공개했다.애플은 이날 미 캘리포니아주 쿠퍼티노에 있는 애플파크에서 행사를 열고 아이폰15 시리즈와 애플워치 등 신제품을 선보였다.아이폰15 시리즈는 전작과 같이 6.1인치형(15.4㎝) 기본 모델과 6.7인치형(17.0㎝) 플러스, 고급 모델인 6.1인치형 프로와 6.7인치형 프로맥스로 구성됐다.이번 아이폰15 시리즈는 전작보다 가격이 100달러가량 인상될 것으로 예상됐지만, 지난해 같은 수준을 유지했다. 아이폰 기본 모델은 799달러(128GB), 플러스는 899달러(128GB), 프로는 999달러(128GB), 프로맥스는 1천199달러(256GB)부터 시작된다.아이폰15 시리즈는 모두 기존의 라이트닝 포트 대신 'USB-C' 충전단자가 도입됐다. 아이폰에 USB-C가 적용되는 것은 이번이 처음이다.애플은 ""USB-C가 표준 모델이 됐기 때문""이라고 설명했다. 유럽연합(EU)이 2024년부터 유럽에서 판매되는 모든 전자기기에 USB-C를 의무화하도록 한 데 따른 것이다. 기본 모델과 플러스에는 지난해 아이폰14 고급 모델에서 채택된 '다이내믹 아일랜드'가 탑재됐다.이로써 2017년 등장해 탈모를 연상시킨다는 지적을 받았던 M자 모양의 '노치'는 완전히 사라졌다.또 아이폰14 프로와 프로 맥스에 탑재됐던 'A16 바이오닉' 칩이 탑재돼 기능이 더 빨라졌다.이들 모델에는 4천800만화소 메인 카메라가 장착돼 2배 광학줌을 지원한다. 인물사진 기능을 강화해 일일이 설정하지 않아도 자동으로 심도를 조정해준다.프로와 프로 맥스 고급 모델은 '티타늄' 케이스로 새롭게 변신했다.애플은 ""우주선에 사용되는 것과 동일한 이 프리미엄 합금은 어느 금속에 견주어도 가장 높은 비강도(재료의 강도를 밀도로 나눈 값으로, 비강도가 좋으면 강도에 비해 무게가 가볍다)를 자랑한다""며 ""이로써 애플 사상 가장 가벼운 라인업이 완성됐다""고 설명했다.또 테두리를 뜻하는 베젤은 더 얇아져 스크린이 더 커 보이는 효과를 냈다.고급 모델은 업계 최초의 3나노미터 칩인 A17 프로로 구동돼 더 빨라지고 몰입감을 높였다.카메라 기능도 개선돼 프로 모델에는 3배 광학 줌이, 프로 맥스에는 5배 광학 줌이 탑재됐다.미국과 영국, 중국 등 40개 이상 국가에서는 15일부터 사전 주문할 수 있으며, 매장 판매는 오는 22일부터 시작된다.",조시형 기자 jsh1990@wowtv.co.kr
머니투데이,"경찰청, 국제사이버범죄대응 학술대회 개최",2023.09.13. 오후 12:00,"경찰청이 JW메리어트 호텔 서울에서 이달 15일까지 '국제사이버범죄대응 심포지엄'을 개최한다고 13일 밝혔다. 올해 제24회를 맞이한 심포지엄은 경찰청이 매년 주최하는 국제행사로, 국내외 법집행기관과 글로벌 정보기술(IT) 기업을 비롯해 공공기관, 학계, 민간단체 등 각계각층의 사이버 전문가들이 안전한 사이버공간 구축을 목표로 서로의 의견을 나누는 자리이다.  이번 심포지엄에서는 △사이버공간 속 신기술의 양면 △사이버보안 패러다임의 전환 등 사이버 신기술 활용 방안과 사이버안보를 위한 방향성을 모색한다. 또 디지털 아동성범죄에 대한 대응방안 및 사이버공간 국제법규범 형성 등에 대해서도 논의를 진행할 예정이다. 윤석열 대통령은 개회식 축사를 통해 ""사이버안보에 대한 위협은 한 국가 한 기관의 힘만으로 완벽히 대비할 수 없다""며 국가 간 실질적인 국제협력의 중요성을 강조했다.  윤희근 경찰청장은 ""국경을 초월한 사이버범죄 해결을 위해 인터폴·유로폴 등 국제기구뿐만 아니라 각국 경찰기관들과 국제공조 네트워크를 더욱 강화해 나갈 것""이라고 말했다.",이강준 기자 (Gjlee1013@mt.co.kr)
조선일보,"‘연락처로 카톡 염탐’ 방지... 카카오, 전화번호 친추 막는 기능 도입",2023.09.13. 오전 11:55,"카카오는 12일 카카오톡에 ‘전화번호로 친구 추가 허용’ 옵션을 도입했다. /카카오										카카오가 12일 카카오톡에 ‘전화번호로 친구 추가 허용’ 옵션을 도입했다고 밝혔다.카카오톡을 최신 버전으로 업데이트한 이용자는 카카오톡 설정 내 프로필 관리 영역에서 ‘전화번호로 친구 추가 허용’ 옵션 활성화 여부를 선택할 수 있다. 기존에는 상대방이 내 전화번호를 저장하면 자동으로 친구 추가가 돼 프로필 사진 등을 볼 수 있었다. 이번 업데이트를 통해 이 옵션을 비활성화하면 다른 사람이 내 전화번호를 연락처에 가지고 있거나 전화번호를 검색해 친구 추가를 시도해도 친구 추가가 되지 않는다.해당 옵션을 비활성화한 이용자를 친구로 추가하려면 친구탭 상단의 친구 추가 버튼을 클릭해 카카오톡 ID로 추가하거나 친구 추가용 QR코드를 스캔해야 한다. 또는 카카오톡 단체채팅방에서 친구의 프로필을 클릭해 친구를 추가할 수 있다.카카오는 “카카오톡에는 멀티프로필, 차단 등 사생활 보호 기능이 있었다”면서도 “이번 업데이트를 통해 원치 않는 상대가 친구 추가하거나 피싱/스팸 등 불필요한 메시지로 스트레스를 받았던 이용자 불안이 줄어들 것”이라고 했다.이번 옵션 추가는 카카오가 진행하는 ‘카톡이지’ 프로젝트의 일환이다. 카카오는 이용자의 대화 스트레스, 부담을 줄이기 위해 지난 5월 이 프로젝트를 시작하고 \‘조용히 나가기’, ‘조용한 채팅방’ 등 다양한 기능들을 추가했다.이번 업데이트를 통해 이용자 편의 기능들도 도입했다. 실험실 기능이었던 ‘말풍선 더블탭 공감 기능’이 정식 도입돼, 이용자들은 말풍선을 더블탭해서 ‘하트’, ‘엄지척’, ‘체크’ 등 자신이 설정한 공감을 쉽고 빠르게 남길 수 있다. 카카오톡 내 저장 여유공간도 손쉽게 관리할 수 있게 됐다.카카오 양주일 카카오톡 부문장은 “앞으로도 다양한 개선 사항들을 반영해 이용자 만족도 및 편의 향상을 위해 노력하겠다”고 했다.",박지민 기자 bgm@chosun.com
이데일리,ITU-T SG17 국제회의 성료…사이버보안 표준 9건 승인,2023.09.13. 오후 12:01,"ITU-T SG17 국제회의서 사이버보안 표준 논의랜섬웨어·비식별화 등 국제표준 사전채택    (사진=과학기술정보통신부)[이데일리 김가은 기자]과학기술정보통신부는 지난 29일부터 일산 킨텍스에서 개최된 국제연합(UN) 산하 국제전기통신연합 전기통신표준화 부문(ITU-T) 정보보호연구반(SG17) 국제회의를 성료했다고 13일 밝혔다.이번 회의에는 전 세계 43개국 전문가 346명(온·오프라인 병행)이 참석해 사이버보안 국제표준 개발을 주제로 토론했다.우리나라는 총 9건의 표준 승인 성과(표준·부속서·기술보고서 최종 승인 3건, 표준 사전채택 6건)를 거뒀다. 이는 전체 표준 27건 중 33%에 해당한다.구체적으로 △비식별화 보증 프레임워크(한국인터넷진흥원, 순천향대, 금융보안원) 부속서 승인 △랜섬웨어 대응을 위한 스토리지 보호 프레임워크(나무소프트) △표적형 이메일 공격 대응을 위한 보안 요구사항(기원테크) △텔레바이오인식 기반 반려동물 개체식별 인증서비스(한국인터넷진흥원, 파이리코) △디지털 금융 서비스를 위한 보안 보증 프레임워크(순천향대) 등이 국제표준으로 사전채택 됐다. 또한 우리나라가 제안한 인공지능(AI) 시스템 보안 요구사항(순천향대), 커넥티트 카 보안(현대자동차), 분산원장기술기반 원타임 암호키 기반 인증 프레임워크(FNSValue, 순천향대), 상호운용성을 위한 분산원장기술 게이트웨이 보안요구사항(드림시큐리티) 등 신규 표준화 아이템(NWI) 9건도 승인됐다.뿐만 아니라 차기 연구회기(2025년~2028년) 신규 표준화 주제로 제로트러스트, SW 공급망 보안, AI 보안, 메타버스·디지털트윈 보안, 양자통신 보안 등을 제안해 향후 국제표준화를 위한 초석을 마련했다. 박윤규 과기정통부 2차관은 “이번 SG17 회의 개최를 통해 우리나라 정보보호 표준화 리더십을 강화하고 국내 정보보호 산업체 전문가의 국제표준화 참여를 확대하는 계기가 됐다”며 “정부는 우리나라 산·학·연 전문가들이 사이버보안 국제표준화 논의를 주도적으로 이끌어갈 수 있도록 지속적으로 지원하겠다”고 했다.",김가은(7rsilver@edaily.co.kr)
한국경제,"고바이오랩 ""마이크로바이옴으로 먹는 GLP-1 비만약 개발""",2023.09.13. 오후 12:21,"항비만 3종 균주 혼합해 투약 기존 항비만 대비 가격 낮출 것 건기식 사업 순항, 캐시카우 확보올해 연매출 300억원 달성 목표    “단일 균주가 아닌 3종의 균주를 투약하는 마이크로바이옴 비만치료제를 개발할 계획입니다.”이한승 고바이오랩 부사장은 13일 ‘코리아 인베스트먼트 위크(KIW) 2023’에 참석해 “위고비, 마운자로 등 현재 세계적으로 돌풍을 일으키고 있는 GLP-1 계열 비만치료제는 주사제다”며 “반면 고바이오랩은 경구용으로 개발할 것”이라고 말했다. GLP-1은 음식을 섭취하면 우리 몸에서 분비되는 호르몬이다. 뇌에 배고픔을 줄이겠다는 신호를 전달한다. 반감기는 1~2분밖에 되지 않는다. 노보노디스크 위고비와 일라이릴리 마운자로는 반감기를 늘리는 기술을 적용해 비만치료제로 개발했다. 주 1회 투여하는 주사제다. 고바이오랩의 비만치료제 신약 후보물질 KBLP-004는 항비만 효과를 보이는 3종의 균주를 경구용으로 투약한다. 이 부사장은 “3종 균주는 다른 균주의 성장을 돕는 역할(공생 효과), 장관벽에 투과율을 강화해 건강한 장 상태를 유지해 주는 효과. GLP-1 분비를 유도한다”며 “3종 균주가 혼합됐을 때 최적의 효과를 내는 비율을 확인하는 작업을 하고 있다”고 말했다. 그러면서 “장내환경 변화를 유도해 비만을 치료하면서 GLP-1 분비를 통해 비만 인자를 제거하는 것으로 약을 디자인하고 있다”고 했다. 기존의 주사형 GLP-1 비만치료제 대비 원가를 낮출 계획이다. 일각에선 3종의 균주가 들어가다 보니 공정이 복잡해질 수 있는 데다 약 제조 원가가 높아질 것이라고 우려한다. 이에 대해 이 부사장은 “이를 극복하기 위해 배양하는 기술도 개발 중”이라며 “기존 비만치료제 주사제 대비 원가를 낮출 것”이라고 설명했다. 고바이오랩은 건강기능식품 사업을 통해 현금창출 능력도 확보했다. 지난해 3월 고바이오랩과 이마트 합작투자법인 ‘위바이옴’을 세웠다. 설립 10개월 만에 매출 100억원을 달성했다. 이미 올해 상반기 140억원 매출을 올렸다. 올해 연매출 300억원을 기록할 것으로 예상한다. 이 부사장은 “바이오벤처라도 재무적 안전성이 필요하다”며 “건강기능식품 사업을 통해 재무적 안전성을 추구하겠다”고 덧붙였다.",김유림 기자 youforest@hankyung.com
머니투데이,"[영상]130g 소프트로봇, 90㎏ 아령 '번쩍'…근력·유연성 역대급",2023.09.13. 오후 12:00,"실 엮어 단단한 구조 만드는 직조기술, PET플라스틱에 적용재료단가 1만원 이하, 제조공정도 10분 이내…유지보수 간편    한국과학기술연구원(KIST) 연구진이 부드러운 소재를 활용해 최대 100㎏ 이상 물체를 들어올릴 수 있는 로봇을 개발했다. 영상은 90㎏ 아령을 들어올리는 모습. / 영상=한국과학기술연구원(KIST)국내 연구진이 130g 소재로 90㎏ 이상 물체를 옮길 수 있는 '로봇 그리퍼'를 개발했다. 로봇 그리퍼는 사람의 손처럼 물체를 쥐거나 각종 동작을 수행할 수 있는 로봇이다. 특히 이번에 개발한 그리퍼는 유연성과 안전성이 높아 향후 물류·산업 분야에 활용할 수 있을 전망이다.13일 과학계에 따르면 송가혜 한국과학기술연구원(KIST) 지능로봇연구단 박사 등 공동연구팀은 지난달 국제학술지 '네이처 커뮤니케이션즈'(Nature Communications)에 이같은 연구 논문을 게재했다. 연구 혁신성을 인정받아 편집자 하이라이트로 선정됐다.국내외 연구자들은 다양한 로봇 그리퍼를 개발 중이다. 최근에는 기존 강성 재료 그리퍼와 달리 유연성·안전성이 높은 '소프트 그리퍼' 개발이 이어지고 있다. 부드러운 소재를 활용해 계란과 같이 깨지기 쉬운 물체를 옮기거나 작은 물체를 운반하는 그리퍼 등이 대표적이다.연구팀은 소프트 그리퍼 적재 용량을 높이기 위해 기존에 없던 새로운 구조를 적용한 소재를 개발했다. 낱개의 실을 단단히 엮어 견고한 직물을 만드는 직조기술을 PET플라스틱에 적용했다. 연구팀은 얇은 PET플라스틱 띠들이 직조 구조로 얽히고 풀어질 수 있도록 그리퍼를 만들었다.    한국과학기술연구원(KIST) 연구진이 땅콩 크기 물체부터 골프공, 박스 등을 옮길 수 있는 소프트 로봇을 개발했다. / 영상=한국과학기술연구원(KIST)    한국과학기술연구원(KIST) 연구진이 개발한 소트프 로봇 그리퍼가 장미꽃을 정밀하게 들어올려 꽃병에 넣는 모습. / 영상=한국과학기술연구원(KIST)그 결과 소프트 그리퍼는 130g 무게로 최대 100㎏ 이상 물체를 들어올릴 수 있었다. 기존에 최대 20㎏ 이내 물체를 들어올리는 그리퍼 대비 5배 이상 힘을 늘렸다. 특히 땅콩 크기 물체를 포착해 잡아내거나 장미를 꽃병에 꽂을 만큼 정교함도 높았다.연구팀이 개발한 그리퍼는 재료 단가가 수천원에 불과한 플라스틱을 활용해 높은 가격 경쟁력을 가지고 있다. 다양한 형상과 무게의 물체도 움켜쥘 수 있다. 또 플라스틱 띠를 체결하는 방식만으로 그리퍼를 완성할 수 있어 제작공정이 10분 이내로 간단하고 교체·유지보수도 쉽다.송가혜 박사는 ""이번에 개발된 직조 구조의 그리퍼는 소프트 로봇의 강점이 있으면서도 강성 그리퍼 수준으로 무거운 물체를 움켜쥘 수 있다""며 ""동전부터 자동차까지 다양한 크기로 제작할 수 있으며 얇은 카드부터 꽃에 이르기까지 여러 가지의 형태와 무게의 물체를 파지할 수 있어 소프트 그리퍼를 필요로 하는 산업, 물류, 가사 등의 분야에서 활용할 수 있다""고 밝혔다.이번에 개발한 로봇은 강한 파지 성능이 필요한 산업·물류 현장이나 극한 환경을 견뎌야 하는 다양한 환경에 적합한 그리퍼를 맞춤 제작, 활용할 수 있을 전망이다. 또 플라스틱 외에도 탄성을 보유한 고무나 화합물 등의 재료로 제작할 수 있어 활용도가 클 것으로 기대된다.이번 연구는 과학기술정보통신부와 한국연구재단 지원으로 이뤄졌다. 이번 연구에는 이대영 KAIST(한국과학기술원) 항공우주공학과 교수 연구팀도 함께 참여했다.    한국과학기술연구원(KIST) 연구진은 부드러운 소재 개발을 위해 직조기술을 PET 플라스틱에 적용했다. / 사진=한국과학기술연구원(KIST)",김인한 기자 (science.inhan@mt.co.kr)
한국경제,"""7시간 동안 11만명 몰렸다""…429만원짜리 삼성 제품 '완판'",2023.09.13. 오전 9:06,"429만원 '갤Z폴드5 톰브라운' 완판    갤럭시 Z 폴드5 톰브라운 에디션. 사진=삼성전자 제공삼성전자는 한정판 '갤럭시 Z 폴드5 톰브라운 에디션' 추첨 판매가 높은 인기를 끌며 마감됐다고 13일 밝혔다.이날 삼성전자에 따르면 지난 12일 오전 10시부터 오후 5시까지 삼성전자 홈페이지를 통해 진행된 '갤럭시 Z 폴드5 톰브라운 에디션' 추첨 판매에 약 11만명이 응모했다. 삼성전자와 톰브라운 브랜드가 협업해 제작한 스페셜 에디션은 수량이 한정돼 있다. 삼성전자는 과거 운영했던 다양한 스페셜 에디션이 순식간에 완판됐던 것을 고려해, 갤럭시 톰브라운 에디션의 경우 온라인 추첨 방식을 도입해 왔다. '갤럭시 Z 폴드5 톰브라운 에디션'의 당첨자 발표는 13일 오전 9시에 '삼성 닷컴'을 통해 진행됐다. 당첨자는 이날 오전 9시부터 오후 2시까지 삼성닷컴에서 제품을 구매할 수 있다. 제품 배송은 14일부터 순차적으로 진행된다.",조아라 한경닷컴 기자 rrang123@hankyung.com
노컷뉴스,'파리 호화 저택'에 머문 모로코 국왕…구조 늑장 대응,2023.09.12. 오전 11:18,"최고 권력 국왕, 지진 당시 파리 체류""호흡기 질환 치료""…해외 호화 생활 강진 다음날 귀국 후 재난 뒷북 대응""모든것 중심이나 통치 관심 없는 듯""    연합뉴스북아프리카 국가 모로코에 규모 6.8의 강진이 발생할 당시 국왕이 해외에 체류하고 있어 정부 대응이 늦어졌다는 지적이 나왔다. 특히 국왕은 해외에서 호화 생활을 누린 것으로 알려지면서 비판이 커지고 있다. 프랑스 일간 르몽드는 11일(현지시간) 강진으로 수천명의 사상자가 발생한 국가 위기 상황에서 컨트롤 타워 역할을 해야할 국왕 모하메드 6세는 프랑스 파리에 머물고 있었다고 보도했다. 르몽드에 따르면, 모하메드 6세는 이달 1일 건강상 이유로 파리에 도착해 에펠탑 근처에 소유한 1600㎡ 저택에 머물고 있었다. 그는 폐나 기관지 등 호흡기관에 생기는 염증 질환인 사르코이드증을 앓고 있으며 지난 2018년 파리에서 수술을 받은 이후 정기적으로 프랑스를 찾고 있다고 한다.영국 더타임스에 따르면, 이 저택은 2020년 사우디아라비아 왕자에게서 최소 8천만유로(약 1142억원)에 사들인 것으로 알려졌는데, 수영장과 게임장, 스파 등을 갖추고 파리 시내를 한 눈에 내려다 볼 수 있다. 더타임스는 모하메드 6세는 파리 대저택 이외에도 아름다운 정원으로 유명한 우아즈 지역의 '베츠 성'을 자주 방문해 말 기르기 등 호화로운 취미를 즐긴다고 전했다.    연합뉴스 지난 8일 밤 모로코에 강진이 발생하자 모하메드 6세는 다음날 아침 서둘러 파리를 떠났다.이후 수도 라바트의 왕궁에서 재난 대응 회의를 주재하는 모습이 티브이를 통해 공개됐다. 하지만 그 이상으로 적극적으로 대처한 모습은 보이지 않았다. 르몽드는 입헌군주제 국가인 모로코에서 국정 최고 책임자인 국왕이 없는 상황에서 총리가 지진에 대해 공개적 대처를 할 수 없었고 장관과 시장 등도 손을 놓고 있었다고 비판했다.사망자가 속출하는 상황이었지만 국왕이 나타나지 않은 상황이라 정부 관계자들도 현장에 나타나지 않았다는 것이다. 모하메드 6세가 국가 재난에 뒷북 대응을 한 건 이번이 처음은 아니다. 지난 2004년 동북부 알호세이마에서 지진이 발생해 600명 이상의 사망자가 발생했을 때도 공무원들은 눈에 보이지 않았다.당시 국왕은 민심을 달래기 위해 재난 발생 나흘 후에야 피해 지역에 나타나 왕실 텐트를 치고 며칠 밤을 현장에서 보냈다. 르몽드는 모로코 내 모든 것의 중심에 국왕이 있지만 정작 그는 통치에 큰 관심을 두지 않는 것 같다고 꼬집었다.※CBS노컷뉴스는 여러분의 제보로 함께 세상을 바꿉니다. 각종 비리와 부당대우, 사건사고와 미담 등 모든 얘깃거리를 알려주세요.이메일 : jebo@cbs.co.kr카카오톡 : @노컷뉴스사이트 : https://url.kr/b71afn",CBS노컷뉴스 임미현 기자 marialmh7@cbs.co.kr
국민일보,"교도통신 “김정은·푸틴, 13일 오후 보스토치니 우주기지서 회담”",2023.09.13. 오전 10:07,"김정은(왼쪽) 북한 국무위원장이 2019년 4월 25일(현지시간) 러시아 블라디보스토크에서 블라디미르 푸틴 러시아 대통령과 악수하고 있다. AP뉴시스일본 교도통신은 러시아 당국 소식통을 인용해 김정은 북한 국무위원장과 블라디미르 푸틴 러시아 대통령이 13일 오후 정상회담을 개최한다고 보도했다.러시아 매체 RBK도 전날 소식통을 인용해 김 위원장이 13일 푸틴 대통령과 정상회담을 가질 것이라고 전했다.김 위원장과 푸틴 대통령의 정상회담은 약 4년5개월 만이다.정상회담이 열릴 장소로는 러시아 극동 아무르주에 있는 보스토치니 우주기지가 현재 유력하다.교도통신도 양국 정상이 해당 기지에서 정상회담을 열 것이라고 말했다.이 기지는 임대 중인 카자흐스탄 ‘바이코누르 우주기지’에 대한 의존도를 줄이기 위해 러시아가 건설한 첨단기지다.외교가 안팎에선 “북·러 군사밀착과 첨단 무기기술 협력을 상징하는 장소로 적합하다”는 평가가 나온다.김 위원장과 푸틴 대통령은 이날 회담에서 무기거래 등 군사 분야 협력을 심도 있게 논의할 것으로 관측된다.우크라이나와의 전쟁 장기화로 탄약과 로켓 등 무기 부족 사태를 겪는 푸틴 대통령은 김 위원장에게 이를 요청할 수 있다.김 위원장은 반대급부로 군사정찰위성 관련 기술이나 대륙간탄도미사일(ICBM) 재진입 기술, 잠수함발사탄도미사일(SLBM) 관련 기술을 요구할 가능성이 있다.김 위원장은 정상회담 후 하바롭스크주 산업도시 콤소몰스크나아무레에 위치한 수호이 전투기 생산공장도 방문할 것으로 알려졌다.러시아 현지 매체 RBK는 전날 소식통을 인용해 김 위원장이 오는 16일에는 세르게이 쇼이구 러시아 국방장관과 만날 것이라고 전했다.",손재호 기자(sayho@kmib.co.kr)
한겨레,"매카시 하원의장, 바이든 탄핵 조사 지시…백악관 “최악 정치”",2023.09.13. 오전 10:23,"케빈 매카시 미국 하원의장. 신화 연합뉴스케빈 매카시 미국 하원의장이 조 바이든 대통령에 대한 탄핵 조사를 지시했다. 내년 대선을 앞두고 대통령 탄핵 문제로 미국의 정치적 대립이 더욱 격화될 것으로 보인다.매카시 의장은 12일 하원 감독위원회·법사위원회·세입위원회에 바이든 대통령 일가에 대한 탄핵 조사 개시를 지시했다고 밝혔다. 목적은 바이든 대통령 일가의 부패와 회계 부정 증거를 찾는 것이라고 했다. 하원은 탄핵 추진에 필요한 증거를 모으려고 바이든 대통령 일가의 은행 거래 기록 등을 확보할 것으로 보인다.조사의 핵심은 아들 헌터의 부정 행위에 바이든 대통령이 연루됐는지를 밝히는 것이다. 헌터는 아버지가 부통령일 때 우크라이나 에너지 기업 이사 등으로 취업해 거액을 받았다. 그는 지난 7월에는 탈세 혐의 재판에서 불법 총기 소지 등은 검찰과의 플리바기닝(유죄 인정 조건부 형량 감경)으로 묻고 넘어가려 했으나 판사가 이의를 제기해 계획대로 되지 않았다. 특별검사는 조만간 불법 총기 소지 혐의로 추가 기소를 하겠다는 방침이다.공화당은 헌터의 수상한 취업과 봐주기 수사에 바이든 대통령의 영향력을 행사했다고 주장한다. 매카시 의장은 “우리는 바이든 대통령의 행위에 대해 심각하고 믿을 만한 혐의를 밝혀냈다”고 했다.매카시 의장은 탄핵 조사 방침을 밝혀오기는 했으나 이번 지시는 공화당 강경파를 달래려는 목적이 크다. 그는 하원 전체 투표로 탄핵 조사 개시를 결정하겠다고 하다가 갑자기 입장을 바꿔 조사를 전격적으로 지시했다. 뉴욕 타임스는 여기에는 전날 밤 공화당 강경파의 대표 주자 맷 게이츠 의원이 하원의장 축출을 추진하겠다고 밝힌 게 결정적이었다고 분석했다. 매카시 의장은 지난 1월 공화당 강경파의 몽니로 15차례 투표한 뒤에야 하원의장 자리에 올랐다. 그 과정에서 전에는 공화당 의원 과반이 발의해야 성립한 하원의장 해임안을 단 1명이라도 발의할 수 있도록 양보했다. 그는 공화당 일부 의원들의 축출 움직임에 민주당이 가세해 하원의 과반을 이룬다면 실제로 쫓겨날 수 있다.현재 공화당 강경파는 매카시 의장이 연방정부 지출을 대폭 삭감하겠다는 등의 약속을 위반했다며 반발하고 있다. 이들은 지난 6월 예산안 충돌 이후 매카시 의장이 백악관과 합의한 내용을 구체적 법안으로 만드는 과정에서 예산을 깎으라며 다시 매카시 의장을 압박하고 있다. 또 트럼프 전 대통령이 2019·2020년에 민주당이 주도하는 하원에서 탄핵당하고, 지금은 4개 법원에 기소된 것을 두고도 바이든 대통령에 대한 복수를 노린다.결국 매카시 의장은 자신이 탄핵당할지도 모른다는 위기감에 바이든 대통령 탄핵 조사를 지시한 셈이다. 하지만 게이츠 의원은 탄핵 조사 지시로는 부족하다며, 매카시 의장이 이달 30일 이후 연방정부 셧다운(부분 폐쇄)을 피하려고 임시예산안을 추진하면 곧장 해임안을 제출하겠다고 했다.하원이 탄핵 조사를 거쳐 바이든 대통령을 탄핵하더라도 실제로 백악관에서 쫓겨나지는 않을 것이라는 게 지배적 관측이다. 탄핵이 확정되려면 민주당이 다수당인 상원에서 탄핵심판을 거쳐야 하기 때문이다. 이언 샘스 백악관 대변인은 엑스(X·옛 트위터)를 통해 매카시 의장의 지시는 “최악의 극단적 정치”라고 비난했다.",이본영 기자 ebon@hani.co.kr
SBS,"중국 네티즌, '금지령'에도 아이폰 관심↑…언론은 화웨이 집중 조명",2023.09.13. 오후 12:02,"중국 당국이 공직자들에게 '아이폰 금지령'을 내린 것으로 알려진 가운데, 중국 네티즌과 매체들이 애플의 신제품 아이폰15에 큰 관심을 드러냈습니다.중국 관영 영자신문 글로벌타임스는 13일 많은 중국 네티즌들이 베이징 현지시간으로 이날 오전 1시 시작된 아이폰15 공개를 뜬눈으로 기다리며 열의(eagerness)를 보였다고 보도했습니다.실제로 이날 오전 10시 기준 중국판 트위터인 웨이보에서 '애플 신제품 발표회'라는 해시태그(#)는 6억5천만 회, '아이폰15 시리즈 가격'은 3억2천만 회의 조회수를 각각 기록하면서 검색어 최상위권에 올랐습니다.'신제품 발표회' 조회수는 시간당 수천만 회씩 올라가고 있습니다.다만 글로벌타임스는 ""신제품 발표회 전체를 모두 시청하고 두 시간만 잔 뒤 출근할 예정""이라며 관심을 보인 한 네티즌의 언급 등을 소개하면서도 중국 소비자들의 지출 감소세와 지난달 말 발표된 '국산' 화웨이 스마트폰 때문에 애플의 새 아이폰 시리즈가 '상당한 도전'에 직면할 수 있다고 지적했습니다.글로벌타임스의 중국어판인 환구시보는 아이폰15에 대한 중국 네티즌들의 반응 대신 화웨이의 신제품 '메이트60 프로'와 아이폰15의 대결 구도를 강조하는 데 한층 주력했습니다.환구시보는 이날 ""지난 10년 동안 애플의 혁신 역량은 눈에 띄게 약해졌다""며 아이폰이 그간 미국 정부의 비(非)시장적 보호주의와 화웨이 신제품의 부재 속에 미국과 중국에서 점유율을 높여온 것이라는 팡싱둥 중국 저장대학 교수의 기고를 싣기도 했습니다.업계에서는 최근 애플의 주가 하락에 영향을 준 중국 당국의 '공무원 아이폰 금지령'을 아이폰15가 넘어야 할 산으로 꼽고 있습니다.특히 애플로서는 비교적 소득이 높고 생활이 안정된 공공 부문 종사자들의 아이폰 구매가 막히는 것이 우려되는 상황이라는 관측도 있습니다.그러나 중국 관영 매체들은 이 사안은 언급하지 않고 있습니다.정보기술(IT) 매체인 '중관춘 온라인'이 지난 11일 ""국내 한 회사가 직원들의 아이폰을 비롯한 외제 전자장비 구매를 금지했다""고 전했을 뿐 다른 매체들의 보도는 거의 눈에 띄지 않는 상황입니다.반면 연일 중국 매체들의 집중 조명을 받는 화웨이는 스마트폰 시장 복귀를 위해 판매량을 더 늘릴 계획입니다.중국 증권일보는 이날 ""화웨이가 메이트60 시리즈의 하반기 출하량을 20% 늘려 올해 최소한 4천만 대를 내놓을 것""이라는 화웨이 관계자의 발언을 보도했습니다.화웨이는 현재의 인기가 이어질 경우 내년 출시량이 적어도 6천만 대에 달해 ""성장 동력이 가장 강한 글로벌 휴대전화 브랜드가 될 것""이라고 전망했다고 증권일보는 전했습니다.(사진=게티이미지코리아)",유영규 기자 sbsnewmedia@sbs.co.kr
연합뉴스TV,"리비아 대홍수로 2천 명 넘게 숨져…""1만 명 실종""",2023.09.13. 오전 5:47,모로코에서 강진으로 수천 명의 사상자가 나온 가운데 이번엔 리비아에서 대홍수가 발생해 2천명 넘게 숨졌습니다.현지시간 12일 알자지라 방송 등에 따르면 지난 10일 폭풍 다니엘이 강타한 리비아 동부에서 댐 2곳이 무너져 동북부 데르나시 등에 홍수가 났습니다.알자지라 방송은 댐에서 흘러나온 물이 데르나시를 덮쳐 2천명 넘게 숨지고 실종자도 1만명에 달할 것으로 추정된다고 보도했습니다.현재 무정부 상태인 리비아는 국가 기능이 사실상 마비돼 사망자는 더 늘어날 전망입니다.박상률 기자 (srpark@yna.co.kr)#리비아 #대홍수연합뉴스TV 기사문의 및 제보 : 카톡/라인 jebo23,박상률(srpark@yna.co.kr)
한국일보,"한미, 대러·대중 수출통제 논의한다… 미국 상무 부장관, 내주 방한",2023.09.13. 오전 6:19,"워싱턴 코트라 통상협력포럼서 공개“러시아 기술·물자 우회 확보 막아야”중국 내 삼성·SK 반도체 생산도 의제    돈 그레이브스 미국 상무부 부장관이 12일 워싱턴에서 대한무역투자진흥공사(KOTRA·코트라)가 주최한 한미통상협력 포럼의 기조연설을 하고 있다. 코트라 제공미국 중심 글로벌 공급망 재편을 주도하고 있는 미 상무부의 2인자가 다음 주 한국을 방문한다. 우크라이나를 상대로 침략 전쟁을 벌이고 있는 러시아와 미국과의 패권 경쟁에 착수한 중국을 대상으로 실효적인 수출 통제를 하기 위해 어떻게 양국이 협력할지가 핵심 의제로 다뤄질 전망이다.돈 그레이브스 미 상무부 부장관은 12일(현지시간) 워싱턴에서 대한무역투자진흥공사(KOTRA·코트라)가 주최한 한미통상협력 포럼의 기조연설을 통해 자신이 내주 한국과 일본을 방문할 예정이며, 한국에 머무는 동안 수출 통제를 위한 한미 공조 방안을 논의할 계획이라고 밝혔다.그가 소개한 한미 양국의 수출 통제 관련 최우선 현안은 러시아의 전쟁 물자 확보 저지다. 그는 “무엇보다 우리는 러시아가 수출 통제를 우회해 우크라이나를 상대로 불법적 전쟁에 사용할 기술과 물품을 마련하는 것을 계속 막아야 한다”고 말했다. 김정은 북한 국무위원장과 블라디미르 푸틴 러시아 대통령이 13일 정상회담에서 무기와 군사용 물품의 대러 이전에 합의할 경우 한미가 어떻게 대응할지를 비중 있게 의논할 방침임을 시사한 것이다.더불어 대중국 수출 통제 방안도 양국 간 협의 대상이 될 것으로 보인다. 그레이브스 부장관은 “우리의 국가 안보를 위협하거나 해치고 인권을 침해하는 국가들이 자국 국민의 자유를 부정하고 이웃을 위협하는 데 쓸 무기와 기술을 얻지 못하게 해야 한다”고 말했다. 직접 거명하지는 않았지만 중국을 염두에 둔 언급으로 해석된다.대중 수출 통제는 한국의 이해관계와 복잡하게 얽혀 있다. 미 정부는 지난해 10월 반도체 제조에 필요한 장비의 중국 수출을 사실상 전면 제한하고, 중국 내에 반도체 공장이 있는 외국 기업의 경우 개별 심사를 거쳐 판단하기로 했다. 다만 한국 기업은 1년간 예외로 인정했다. 중국에서 삼성전자와 SK하이닉스 공장이 계속 가동되는 게 중국의 ‘반도체 굴기(屈起·일어섬)’를 억제하는 데 도움이 된다는 고려에서였다.그러나 지난달 말 중국 화웨이가 7나노미터(㎚·10억 분의 1m)급 첨단 반도체를 탑재한 5세대(G) 스마트폰 ‘메이트60 프로’를 출시하면서 기류가 변할 가능성이 생겼다. 미국의 대중 장비 수출 통제 목적이 중국의 7나노 기술 입수 차단이었기 때문이다. 이에 미국의 대응이 강경해질 것이라는 관측이 나오기 시작했다. 수출 통제의 장기 유예를 기대했던 한국에도 영향이 미칠 수 있다.‘수출 통제 유예 연장하냐’ 질문에 “글쎄…”    미국 온라인 쇼핑몰에서 ""나는 화웨이를 지지한다""고 말하는 지나 러몬도 상무장관의 사진이 붙은 스마트폰 케이스(사진)가 판매되고 있다고 미국 뉴욕타임스가 6일 보도했다. NYT 캡처그레이브스 부장관은 말을 아꼈다. 기조연설이 끝난 뒤 기자들과 따로 만난 그는 ‘다음 달 만료되는 한국 기업 대상 수출 통제 유예 조치의 연장에 대한 논의가 서울에서 이뤄지느냐’는 질문에 “서울에서 대화를 할 것으로 기대한다”며 “다음 주에 더 많은 정보를 공유할 것”이라고 대답했다.‘최근 화웨이의 7나노 반도체 내장 스마트폰 출시와 관련해 수출 통제가 강화돼야 한다고 보느냐’는 질문에는 “우리는 여전히 그에 대해 조사하고 있다”면서도 “계속해서 수출 통제를 효과적으로 적용하며, 한국과 일본 등 파트너와 협력해 우리 기업들이 경쟁력을 갖추고, 다른 나라가 우리의 민주적 가치나 공정한 경쟁을 저해하지 못하도록 할 것”이라고 답했다.연설에서 그는 또 지난달 말 중국 방문 때 지나 러몬도 미 상무장관이 “미국의 국가 안보와 노동자 및 기업 보호를 위해 공정한 경쟁의 장을 만들겠다”는 의지를 표명한 사실을 소개하며 중국의 비시장적 무역 및 투자 관행에 맞서 미국과 동맹·파트너 국가들이 보유한 기술 경쟁력을 유지할 필요성도 강조했다. 아울러 “우리는 미국은 물론 동맹·파트너에 이득이 될 안전한 반도체 생태계를 구축하는 데 전념하고 있다”고 말했다.그레이브스 부장관은 방한 기간 안덕근 산업통상자원부 통상교섭본부장 등과 만나 중국의 갈륨·게르마늄 등 희소금속의 수출 통제에 대한 대응 방안도 논의할 것으로 예상된다. 그는 자신의 한일 방문에 미 첨단 산업 및 서비스 업계 기업인들도 동행한다고 소개했다.",워싱턴= 권경성 특파원 (ficciones@hankookilbo.com)
매일경제,폭우에 악어 75마리 탈출한 동네 ‘비상’…당국 “집에 머물러라”,2023.09.12. 오후 3:47,중국 남부 광동성 마오밍시태풍 하이쿠이 영향에 폭우     지난 11일 폭우로 침수된 중국 광시좡족자치구 허푸현의 모습. [사진출처=로이터 연합뉴스]중국 남부 광동성에 쏟아진 폭우로 악어 70여마리가 농장을 탈출해 마오밍시는 주민들에게 주의를 당부했다.12일 AP 통신 등 현지 매체 보도에 따르면 중국 남부 광둥성에 태풍 하이쿠이의 영향으로 전날까지 7일간 폭우가 쏟아지면서 악어 70여마리가 농장을 탈출했다.광둥성 서부 마오밍시는 악어 70여마리가 농장을 탈출했다며 주민들에 집에 머물 것을 권고했다.현지 당국에 따르면 새끼를 포함해 75마리의 악어가 탈출한 것으로 조사됐다.일부는 붙잡혔지만 나머지는 숨어들어 간 호수가 깊은 탓에 잡기가 어려운 것으로 알려졌다.같은 기간 광시좡족자치구도 폭우로 강타당하면서 최소 7명이 사망하고 3명이 실종됐다고 관영 통신 신화사가 보도했다.광시좡족자치구 위린시에는 지난 9∼10일 폭우로 여러 곳에서 산사태가 나 인명 피해가 발생했다.해당 자치구 보바이현에서는 지난 10일 밤부터 2ｍ 이상 물이 들어찬 저지대 가옥에서 주민들을 구출해내는 작업이 펼쳐졌다고 로이터 통신이 전했다.홍콩에서도 전날까지 닷새간 폭우가 이어지면서 곳곳에서 극심한 홍수 피해가 발생했다. 2명이 사망하고 일부 지역 교통이 전날 오후까지 마비됐다.,안서진 매경닷컴 기자(seojin@mk.co.kr)
연합뉴스,"""북러 무기거래, 북핵 막으려한 유엔의 15년 노력 좌절시켜""",2023.09.13. 오후 12:15,"""한반도 훨씬 위험해져…안보리 대북 제재 무력화될 것""    '정상회담 예정' 북한 김정은과 러시아 푸틴(블라디보스토크 AFP·스푸트니크=연합뉴스) 김정은 북한 국무위원장과 블라디미르 푸틴 러시아 대통령이 이르면 12일(현지시간) 러시아에서 정상회담을 열 것이라는 관측이 나온다. 전날 러시아 크렘린궁은 푸틴 대통령이 김 위원장과의 정상회담에서 양국 관계를 논의하고 공식 만찬도 개최할 것이라고 밝힌 바 있다. 회담의 정확한 일정과 장소는 공개되지 않았다. 사진은 2019년 4월 25일 러시아 블라디보스토크 극동연방대학교에서 북러 정상회담을 열고 악수하는 김정은(왼쪽)과 푸틴. [자료사진] 2023.09.12 clynnkim@yna.co.kr    (서울=연합뉴스) 이도연 기자 = 김정은 북한 국무위원장과 블라디미르 푸틴 러시아 대통령의 정상회담으로 양국 간 무기 거래가 이뤄지면 북한의 핵무기 확보를 막으려 한 유엔의 15년에 걸친 노력이 수포가 될 것이라는 진단이 나왔다.    김정은 위원장과 푸틴 대통령의 회담은 13일(현지시간) 러시아 아무르주 보스토치니 우주기지에서 열릴 것으로 예상되고 있다.    회담을 통해 북한은 러시아에 우크라이나 전쟁 수행에 쓸 다량·다종의 탄약과 러시아 방위산업에 사용될 원자재 등을 제공하고, 러시아는 첨단 무기 기술을 넘길 것으로 관측된다.    유엔 소식 전문지인 '유엔 디스패치'의 마크 레온 골드버그는 지난 11일 북한과 러시아 사이에 무기 거래가 이뤄진다면 북한의 핵 개발 야망을 막으려 했던 지난 15년간의 외교적 노력이 뒤집어지는 것이라고 분석했다.    아울러 한반도가 갑자기 훨씬 더 위험한 장소가 되며, 미국은 본토를 겨냥한 핵무기를 보유한 두 적대국의 공공연한 동맹에 직면하게 될 것이라고 덧붙였다.    특히 김 위원장과 푸틴 대통령은 핵무기에 대해 점차 더 무신경한 태도를 취하고 있다고 골드버그는 해석했다.    서방 전문가들은 푸틴 대통령이 우크라이나 전쟁에서 궁지에 몰린다고 생각되면 전술 핵무기를 쓸 수 있다고 예상한다.    실제로 러시아는 지난 6월부터 폴란드, 리투아니아, 라트비아 등의 나토 회원국들과 국경을 맞댄 동맹국 벨라루스에 전술 핵무기를 배치하기 시작했다.    북한은 21세기에 유일하게 핵실험을 한 국가로, 2006년 이후 6차례나 핵실험을 실시했다.    북한이 핵실험을 할 때마다 유엔 안전보장이사회(안보리)는 제재로 대응해왔고, 러시아도 제재에 찬성했다.    하지만 이제 러시아는 유엔의 대북 제재를 깰 공산이 크다.    러시아가 북한으로부터 재래식 무기를 사들이는 거래를 체결하는 것 자체가 북한과의 무기 수출입을 금지하는 유엔 대북 제재를 스스로 위반하게 되는 셈이기 때문이다.    유엔 안보리 상임 이사국(러시아)이 제재 결의를 위반한다는 것은 앞으로 북한이 7차 핵실험에 나서는 등 추가 도발을 해도 앞으로 안보리 차원의 제재는 없다는 뜻이라고 골드버그는 내다봤다.    러 천연자연부 장관과 회담하는 김정은 北 국무위원장(하산 AFP=연합뉴스) 김정은 북한 국무위원장이 12일(현지시간) 러시아 연해주 하산에서 열린 알렉산드르 코즐로프 러시아 천연자원부 장관과의 회담에서 제스처를 취하고 있다. 약 4년 만에 러시아를 방문한 김 위원장은 블라디미르 푸틴 러시아 대통령과 회담하고 양국 간 군사협력에 대해 논의할 예정이다. [올레크 코제먀코 연해주 주지사 텔레그램 비디오 캡처. 마케팅 및 광고 금지] 2023.09.13 ddy04002@yna.co.kr    게다가 최근 러시아가 북한과의 정상회담에서 유엔 제재 문제를 논의할 의향을 밝히면서 기존 유엔 안보리 대북 제재 체제 자체가 무력화될 수 있다는 우려가 커지는 상황이다.    지난 12일 드미트리 페스코프 크렘린궁 대변인은 북러 정상회담과 관련해 ""안보리에서의 사안에 대한 프로세스도 논의 주제가 되고 있다""며 ""필요하다면 북한 친구들과 이 주제에 대해 논의할 준비가 돼 있다""고 말했다.    이와 관련, 러시아는 최근 쿠데타 군부가 정권을 잡고 있는 서아프리카 말리에 대한 유엔 안보리 제재 갱신안을 거부하기도 했다.    지난달 30일 유엔 안보리에서 13개국이 말리에 대한 제재와 독립적인 감시를 1년 연장하는 내용의 결의안 초안에 찬성했지만 러시아가 반대표를 던진 것이다.    말리에는 친러시아 군사정권이 들어서 있으며 러시아의 용병집단 바그너그룹이 활개치는 곳이기도 하다.     안보리가 제재 갱신에 합의하지 못하면서 말리 군사정권에 대한 제재는 이튿날 종료됐다.     골드버그는 북러 정상 간 무기 거래 합의가 이뤄진다면 북한의 핵 개발 야망에 맞섰던 과거의 전략이 더 이상 통하지 않는 새로운 외교 질서가 열릴 것이라고 전망했다.    그는 ""그간 제재가 완벽하지는 않았지만, 영향력은 강했다""며 ""유엔 안보리가 통합되지 않는다면 김 위원장의 행동에 대한 제어 수단이 줄어들 것""이라고 우려했다.    또 ""북한과 러시아가 제재를 위반해 무기를 거래하면 북한의 핵무기 개발에 대한 국제 공조 노력도 중단되고 이에 대한 실질적인 대안도 없을 것""이라고 덧붙였다.    dylee@yna.co.kr",이도연(dylee@yna.co.kr)
아시아경제,"日 기시다 개각, 주요인사 대부분 유임…""재선 앞두고 무풍지대 구축""",2023.09.13. 오전 9:53,"장관 6명 유지…주요 당직자도 연임 여성 장관 등용 늘려…역대 최다기시다 후미오 일본 총리의 개각 인선이 나온 결과, 실제 주요 보직을 맡은 장관들의 변동이 없는 것으로 알려지면서 배경에 관심이 집중되고 있다. 표면적으로 정권의 골격을 유지하면서도 연내 치러질 것으로 예상되는 재선을 앞두고 '포스트 기시다'가 될 수 있는 정적을 견제하는 등 당내 역학 변화를 꾀했다는 평가가 나오고 있다.    [이미지출처=연합뉴스]재선 위한 라이벌 견제…당 역학 구도 바뀐다13일 아사히신문은 자민당의 파벌 수장들이 모두 이번 개각에서 유임될 것이라는 전망을 보도했다. 먼저 당 인사로는 자민당 내 두번째로 큰 파벌 '아소파'의 수장 아소 다로 부총재가 직책을 유지한다. 세번째 파벌인 '모테기파'의 모테기 도시미쓰 간사장도 유임될 예정이다.이번 유임에는 본인의 재선을 고려한 기시다 총리의 판단이 작용한 것으로 보인다고 아사히는 분석했다. 그간 기시다 총리와 아소 부총재, 모테기 간사장 세 명은 일주일에 한 번 정도 모여 정권 운영을 논의해왔다. 일본 정계에서는 이를 두고 '사실상 삼두정치가 아니냐'라는 이야기까지 나왔다.총리와 집권 여당의 향방을 논의하는 인물들인 만큼, 이들은 차기 총리 물망에도 오르내린다. 특히 모테기 간사장의 경우 기시다 내각의 지지율이 떨어지거나 총선 관련 이슈가 나올 때마다 '포스트 기시다'로 언급되던 인물이다. 모테기 본인도 차기 총리에 대한 의욕을 숨기지 않고 있기 때문에, 기시다 총리는 그를 유임시키지 않고 요직에서 제외할 경우 '반(反)기시다'로 돌아설 수 있다고 판단한 것으로 보인다. 아사히는 ""전략적 호혜 관계였던 모테기 간사장의 처우를 놓고 기시다 총리는 끝까지 생각을 거듭했었다""며 그의 고민을 언급하기도 했다.    [이미지출처=연합뉴스]기시다 총리가 생각한 해법은 오부치 유코 전 경제산업상이라는 견제구다. 자민당의 선거대책위원장으로 오부치를 등용했는데, 그는 '김대중-오부치 공동선언'으로 유명한 오부치 전 총리의 딸이다. 선대위원장은 자민당 내에서 간사장, 총무회장, 정무조사회장과 함께 4개 핵심 중책을 뜻하는 '당 4역'에 속한다.오부치 전 경산상도 모테기파 소속이다. 다만 모테기파는 당내 기반이 탄탄하지 않기 때문에, 모테기 간사장을 둘러싸고 ""제 아무리 간사장이어도 자기 파벌도 제대로 정리 못 하는 사람이 총리가 될 수 있겠느냐""라는 뒷이야기도 따라붙어 왔다. 그러나 오부치 전 경산상의 경우 아버지가 전 총리를 맡았고, 최초의 차기 여성 총리를 기대해볼 수 있다는 이유로 등용과 동시에 존재감이 대폭 높아진 상황이다. 기시다의 '통 큰' 유임과 등용, 그리고 파벌 내 견제 구도까지 생성되면서 모테기파 안에서 기시다를 향한 반기를 들기는 어려워진 것이다.    자민당 선거대책위원장으로 기용된 오부치 유코 전 경제산업상.(사진출처=NHK)여기에 기시다 총리는 아베파의 하기우다 고이치 정무조사회장의 유임도 결정했다. 이는 재선을 위한 아베파 포섭을 도모한 것이라고 아사히는 분석했다.외무상·방위상 등 교체…여성 장관 늘려장관의 경우 11명이 새로 입각할 예정이며, 장관 6명은 그대로 직을 유지한다. 마쓰노 히로카즈 관방장관, 후쿠시마 오염수 방류와 관련한 어민 설득과 경제 정책 등을 도맡은 니시무라 야스토시 경산상, 고노 다로 디지털상 등은 유임됐다.다만 하야시 요시마사 외무상, 하마다 마사카즈 방위상, 일본 정부 공식 명칭인 '처리수'를 '오염수'로 발언해 논란이 일었던 노무라 데쓰로 농림수산상은 교체될 예정이다.    외무상에 기용된 가미카와 요코 전 법무상.(사진출처=NHK)일본 언론은 특히 새 외무상에 임명될 가미카와 요코 전 법무상을 주목하고 있다. 기시다파로 분류되는 가미카와는 이번에 등용되는 여성 장관 중 한 명으로, 법무상 시절 옴 진리교 교주를 비롯해 사형수 13명의 사형 집행을 결정한 것으로 유명하다.여성 각료의 숫자도 늘어났다. 신생아정책 담당상에는 가토 아유코 의원이, 지방창생담당상에는 지미 하나코 의원, 부흥상에는 츠치야 시나코 의원이 등용된다. 이에 따라 기시다 내각의 여성 관료는 2명에서 5명으로 늘었으며, 이는 2000년의 1차 고이즈미 내각 때와 2013년 2차 아베 내각 때를 잇는 최다 기록이다.무풍 선거 노리나…국민 지지는 글쎄일본 언론들은 이번 개각은 차기 선거를 파벌 갈등 없는 '무풍 선거'로 만들겠다는 기시다의 의지가 보이는 부분이라고 분석했다. 전반적으로 현재 내각의 뼈대를 유지하는 소폭 개각인데다 자민당 내 파벌 간 안배에 더욱 신경썼다는 평가다. 다만 외부 인사 수혈 등이 없어 쇄신도는 떨어진다는 지적도 나오고 있다. 아사히는 ""자민당 안에서 개각이 내향성을 띄어 오히려 국민 지지도는 멀어질 것이라는 우려가 나온다""고 보도했다.이번 등용 인사들의 잠재적 리스크도 존재한다. 오부치 전 경산상의 경우 2014년 후원회 정치자금 허위기재 의혹을 받고 있다. 이는 경산상 사임 이유가 되기도 했다. 심지어 당시 도쿄지검 특수부가 가택수색을 하기 전 오부치의 컴퓨터 하드디스크가 드릴로 파괴됐는데, 이 때문에 오부치 전 경산상은 본인의 이름을 딴 '드릴 유코'라는 별명이 항상 따라다닌다. 향후 정권 리스크로 비화할 가능성이 있다.또한 하기우다 정조회장의 경우 세계평화통일가정연합(옛 통일교)과 가까운 관계를 유지한다는 지적이 있다. 문부과학성은 얼마 전 재단에 과태료를 부과했고, 향후 정부는 해산명령을 청구할 방침이다. 옛 통일교 문제가 다시 비화하면 자연스럽게 하기우다 정조회장과 교단과의 접점이 문제로 비화할 수 있다.또한 기시다 총리의 심복으로 불렸던 기하라 세이지 관방부장관이 연임을 고사하면서, 총리가 구심점을 잡는 데는 타격이 있을 거라는 우려도 나온다. 기하라 관방부장관은 배우자의 전남편이 사망한 사건과 관련, 수사 중지를 위해 외압을 행사했다는 의혹이 제기됐다.",전진영 기자 jintonic@asiae.co.kr
이데일리,"""빌게이츠는 위선자"" 머스크 토라진 이유는 '공매도'",2023.09.12. 오후 2:29,"월터 아이작슨, 12일 출간 '일론 머스크'서 전말 밝혀'테슬라 공매도' 알려지자 머스크, 게이츠 손절머스크 ""왜 기후변화 대응 역할하는 회사 투자 위축시키느냐""게이츠 '전기차 수요보다 공급 많아져' 공매도 해명[이데일리 박종화 기자] ‘위선자’. 일론 머스크 테슬라 최고경영자(CEO)가 빌 게이츠 마이크로소프트(MS) 창업자에게 던진 말이다. 머스크와 게이츠, 두 백만장자가 틀어진 발단은 테슬라 주식에 대한 게이츠의 공매도인 것으로 전해졌다.    일론 머스크 테슬라 최고경영자. (사진=AFP)전기(傳記)작가 월터 아이작슨은 12일(현지시간) 출간된 머스크에 관한 전기 ‘일론 머스크’에서 한때 절친했던 두 사람이 테슬라 주식에 대한 게이츠의 대규모 공매도로 사이가 멀어졌다고 전했다.지난 2년간 머스크를 주기적으로 만나 이야기를 들으며 책을 쓴 아이작슨이 전한 전말은 이렇다. 지난해 게이츠는 기후변화 대응을 위한 기부를 요청하기 위해 머스크를 설득했지만 머스크는 빌게이츠의 말이 ‘헛소리’였다고 회고했다. 머스크는 테슬라에 투자하는 게 기후변화 대응에 더 도움이 된다고 게이츠에게 말했다. 그러잖아도 당시 머스크는 게이츠가 테슬라 주식을 공매도했다는 사실을 전해듣고 화나 있었다. 게이츠는 머스크에게 사과했지만 화는 풀리지 않았다. 당시 게이츠는 테슬라에 대한 공매도로 15억달러(약 2조원)에 이르는 손실을 보고 있던 것으로 알려졌다. 머스크는 평소에도 테슬라 주가를 끌어내리는 공매도 세력에 “테슬라가 죽기를 바라는 얼간이들”이라며 악감정을 감추지 않았다.공매도 이유를 묻는 머스크 질문에 게이츠는 전기차 수요보다 공급이 더 많아졌기 때문이라고 답했다. 머스크는 그 말에 납득하지 못했다. 그는 얼마 후 아이작슨에게 “자신이 기후 변화에 맞서 싸우는 데 열정적이라고 하는 사람이 어떻게 기후변화 대응에 가장 큰 역할을 하는 회사의 투자를 위축시키느냐”며 “완전히 위선이다. 왜 지속 가능한 에너지로 움직이는 자동차의 제조사를 실패시켜 돈을 벌려고 하느냐”고 말했다.공매도를 두고 두 사람이 불편한 관계에 있다는 추측은 과거에도 나왔다. “아직 테슬라에 대해 5억달러(약 6600억원) 규모 숏(공매도) 포지션을 갖고 있느냐”고 게이츠에게 따져 묻는 머스크의 문자 메시지가 한 달 후 유출됐기 때문이다. 당시 게이츠는 “아직 끝나지 않아서 유감스럽다”며 “자선활동 여부를 논의하고 싶다”고 답변했다. 유출 당시엔 이 대화가 진짜인지 확인되지 않았지만 아이작슨은 두 사람의 대화가 맞는다고 확인했다.빌 게이츠의 공매도 사실이 알려지기 전까지만 해도 두 사람은 가까운 사이였다. 게이츠가 아들 로리와 함께 머스크의 우주회사 스페이스X를 찾을 정도였다.빌게이츠의 테슬라 공매도 이후 머스크는 게이츠에 대해 불편한 속내를 감추지 않고 있다. 그는 게이츠의 외모를 비하하는 트윗을 올리는가 하면 아이작슨에게 “게이츠는 완전히 미쳤다”고 말했다. 게이츠는 머스크에 대한 인신공격을 자제했지만 머스크가 추진하는 화성 이주 계획에 대해선 “돈을 잘 사용하는 방법 같지는 않아 보인다”고 꼬집었다.",박종화(bell@edaily.co.kr)
